feature_path,audio_path,class_name,class_label,session_id,speaker_id,vowel_type,gender,age,sample_weight,split,diagnosis,stage2_label,stage2_class_name
data/processed/features_augmented/laryngozele/1205_1602_a_h_p2_0.npy,data\raw\laryngozele\1205\vowels\1205-a_h.nsp,laryngozele,0,1205,1602,a_h,m,47.0,1.0,train,"Z.B. linkes Taschenband, Stimmlippen o.B.; Stroboskopie o.B.",0,laryngozele
data/processed/features_augmented/laryngozele/1205_1602_u_n_p13_0.npy,data\raw\laryngozele\1205\vowels\1205-u_n.nsp,laryngozele,0,1205,1602,u_n,m,47.0,1.0,train,"Z.B. linkes Taschenband, Stimmlippen o.B.; Stroboskopie o.B.",0,laryngozele
data/processed/features_augmented/laryngozele/1205_1602_i_l_p13_0.npy,data\raw\laryngozele\1205\vowels\1205-i_l.nsp,laryngozele,0,1205,1602,i_l,m,47.0,1.0,train,"Z.B. linkes Taschenband, Stimmlippen o.B.; Stroboskopie o.B.",0,laryngozele
data\processed\features\vox_senilis\899_i_l.npy,data\raw\vox_senilis\899\vowels\899-i_l.nsp,vox_senilis,1,899,1491,i_l,m,85.0,6.484517304189436,train,Differentialdiagnose: eventuell alte Schädigung des Arygelenks rechts,1,vox_senilis
data\processed\features\vox_senilis\2601_i_n.npy,data\raw\vox_senilis\2601\vowels\2601-i_n.nsp,vox_senilis,1,2601,2727,i_n,w,64.7,6.484517304189436,train,,1,vox_senilis
data\processed\features\vox_senilis\2509_iau.npy,data\raw\vox_senilis\2509\vowels\2509-iau.nsp,vox_senilis,1,2509,2643,iau,w,63.9,6.484517304189436,train,,1,vox_senilis
data/processed/features_augmented/laryngozele/1205_1602_i_n_p1_0.npy,data\raw\laryngozele\1205\vowels\1205-i_n.nsp,laryngozele,0,1205,1602,i_n,m,47.0,1.0,train,"Z.B. linkes Taschenband, Stimmlippen o.B.; Stroboskopie o.B.",0,laryngozele
data\processed\features\vox_senilis\360_i_h.npy,data\raw\vox_senilis\360\vowels\360-i_h.nsp,vox_senilis,1,360,1347,i_h,w,75.5,6.484517304189436,train,"Beginnnende vox senilis, auffälliges voice onset",1,vox_senilis
data/processed/features_augmented/laryngozele/1205_1602_a_lhl_pm1_0.npy,data\raw\laryngozele\1205\vowels\1205-a_lhl.nsp,laryngozele,0,1205,1602,a_lhl,m,47.0,1.0,train,"Z.B. linkes Taschenband, Stimmlippen o.B.; Stroboskopie o.B.",0,laryngozele
data\processed\features\vox_senilis\2003_phrase.npy,data\raw\vox_senilis\2003\sentences\2003-phrase.nsp,vox_senilis,1,2003,2212,phrase,m,77.6,6.484517304189436,train,Laryngitis subglottisch,1,vox_senilis
data\processed\features\vox_senilis\2421_u_h.npy,data\raw\vox_senilis\2421\vowels\2421-u_h.nsp,vox_senilis,1,2421,2555,u_h,w,87.6,6.484517304189436,train,,1,vox_senilis
data/processed/features_augmented/laryngozele/1205_1602_a_h_pm4_0.npy,data\raw\laryngozele\1205\vowels\1205-a_h.nsp,laryngozele,0,1205,1602,a_h,m,47.0,1.0,train,"Z.B. linkes Taschenband, Stimmlippen o.B.; Stroboskopie o.B.",0,laryngozele
data\processed\features\vox_senilis\2596_a_h.npy,data\raw\vox_senilis\2596\vowels\2596-a_h.nsp,vox_senilis,1,2596,2336,a_h,w,64.2,6.484517304189436,train,"Funktionelle Dysphonie, Vox senilis beginnend",1,vox_senilis
data/processed/features_augmented/laryngozele/1205_1602_phrase_pm2_0.npy,data\raw\laryngozele\1205\sentences\1205-phrase.nsp,laryngozele,0,1205,1602,phrase,m,47.0,1.0,train,"Z.B. linkes Taschenband, Stimmlippen o.B.; Stroboskopie o.B.",0,laryngozele
data/processed/features_augmented/laryngozele/1205_1602_i_n_p4_0.npy,data\raw\laryngozele\1205\vowels\1205-i_n.nsp,laryngozele,0,1205,1602,i_n,m,47.0,1.0,train,"Z.B. linkes Taschenband, Stimmlippen o.B.; Stroboskopie o.B.",0,laryngozele
data\processed\features\vox_senilis\2596_i_l.npy,data\raw\vox_senilis\2596\vowels\2596-i_l.nsp,vox_senilis,1,2596,2336,i_l,w,64.2,6.484517304189436,train,"Funktionelle Dysphonie, Vox senilis beginnend",1,vox_senilis
data/processed/features_augmented/laryngozele/1205_1602_i_n_p10_5.npy,data\raw\laryngozele\1205\vowels\1205-i_n.nsp,laryngozele,0,1205,1602,i_n,m,47.0,1.0,train,"Z.B. linkes Taschenband, Stimmlippen o.B.; Stroboskopie o.B.",0,laryngozele
data/processed/features_augmented/laryngozele/1205_1602_a_n_p5_5.npy,data\raw\laryngozele\1205\vowels\1205-a_n.nsp,laryngozele,0,1205,1602,a_n,m,47.0,1.0,train,"Z.B. linkes Taschenband, Stimmlippen o.B.; Stroboskopie o.B.",0,laryngozele
data\processed\features\vox_senilis\2097_a_n.npy,data\raw\vox_senilis\2097\vowels\2097-a_n.nsp,vox_senilis,1,2097,2283,a_n,w,30.7,6.484517304189436,train,Chron. Laryngitis,1,vox_senilis
data\processed\features\vox_senilis\1203_i_lhl.npy,data\raw\vox_senilis\1203\vowels\1203-i_lhl.nsp,vox_senilis,1,1203,1600,i_lhl,w,61.1,6.484517304189436,train,Leicht,1,vox_senilis
data/processed/features_augmented/laryngozele/1205_1602_u_n_p0_0.npy,data\raw\laryngozele\1205\vowels\1205-u_n.nsp,laryngozele,0,1205,1602,u_n,m,47.0,1.0,train,"Z.B. linkes Taschenband, Stimmlippen o.B.; Stroboskopie o.B.",0,laryngozele
data/processed/features_augmented/laryngozele/1205_1602_u_l_p9_0.npy,data\raw\laryngozele\1205\vowels\1205-u_l.nsp,laryngozele,0,1205,1602,u_l,m,47.0,1.0,train,"Z.B. linkes Taschenband, Stimmlippen o.B.; Stroboskopie o.B.",0,laryngozele
data\processed\features\vox_senilis\2097_u_lhl.npy,data\raw\vox_senilis\2097\vowels\2097-u_lhl.nsp,vox_senilis,1,2097,2283,u_lhl,w,30.7,6.484517304189436,train,Chron. Laryngitis,1,vox_senilis
data\processed\features\vox_senilis\826_u_h.npy,data\raw\vox_senilis\826\vowels\826-u_h.nsp,vox_senilis,1,826,1438,u_h,w,78.9,6.484517304189436,train,Leicht ödematöse Stimmlippen,1,vox_senilis
data/processed/features_augmented/laryngozele/1205_1602_a_h_pm2_0.npy,data\raw\laryngozele\1205\vowels\1205-a_h.nsp,laryngozele,0,1205,1602,a_h,m,47.0,1.0,train,"Z.B. linkes Taschenband, Stimmlippen o.B.; Stroboskopie o.B.",0,laryngozele
data/processed/features_augmented/laryngozele/1205_1602_u_h_p11_5.npy,data\raw\laryngozele\1205\vowels\1205-u_h.nsp,laryngozele,0,1205,1602,u_h,m,47.0,1.0,train,"Z.B. linkes Taschenband, Stimmlippen o.B.; Stroboskopie o.B.",0,laryngozele
data/processed/features_augmented/laryngozele/1205_1602_u_l_p11_5.npy,data\raw\laryngozele\1205\vowels\1205-u_l.nsp,laryngozele,0,1205,1602,u_l,m,47.0,1.0,train,"Z.B. linkes Taschenband, Stimmlippen o.B.; Stroboskopie o.B.",0,laryngozele
data/processed/features_augmented/laryngozele/1205_1602_a_h_p5_5.npy,data\raw\laryngozele\1205\vowels\1205-a_h.nsp,laryngozele,0,1205,1602,a_h,m,47.0,1.0,train,"Z.B. linkes Taschenband, Stimmlippen o.B.; Stroboskopie o.B.",0,laryngozele
data/processed/features_augmented/laryngozele/1205_1602_phrase_p6_0.npy,data\raw\laryngozele\1205\sentences\1205-phrase.nsp,laryngozele,0,1205,1602,phrase,m,47.0,1.0,train,"Z.B. linkes Taschenband, Stimmlippen o.B.; Stroboskopie o.B.",0,laryngozele
data\processed\features\vox_senilis\1268_i_l.npy,data\raw\vox_senilis\1268\vowels\1268-i_l.nsp,vox_senilis,1,1268,1656,i_l,m,83.5,6.484517304189436,train,Mit Stimmschwäche,1,vox_senilis
data\processed\features\vox_senilis\2303_a_n.npy,data\raw\vox_senilis\2303\vowels\2303-a_n.nsp,vox_senilis,1,2303,2420,a_n,w,73.5,6.484517304189436,train,Zustand nach Abtragung des Polyps,1,vox_senilis
data/processed/features_augmented/laryngozele/1205_1602_a_lhl_p9_0.npy,data\raw\laryngozele\1205\vowels\1205-a_lhl.nsp,laryngozele,0,1205,1602,a_lhl,m,47.0,1.0,train,"Z.B. linkes Taschenband, Stimmlippen o.B.; Stroboskopie o.B.",0,laryngozele
data\processed\features\vox_senilis\2377_iau.npy,data\raw\vox_senilis\2377\vowels\2377-iau.nsp,vox_senilis,1,2377,2511,iau,m,67.4,6.484517304189436,train,,1,vox_senilis
data\processed\features\vox_senilis\1478_i_l.npy,data\raw\vox_senilis\1478\vowels\1478-i_l.nsp,vox_senilis,1,1478,1826,i_l,m,77.3,6.484517304189436,train,"Links, nach Strumektomie bei beginnender vox senilis",1,vox_senilis
data/processed/features_augmented/laryngozele/1205_1602_a_h_p10_5.npy,data\raw\laryngozele\1205\vowels\1205-a_h.nsp,laryngozele,0,1205,1602,a_h,m,47.0,1.0,train,"Z.B. linkes Taschenband, Stimmlippen o.B.; Stroboskopie o.B.",0,laryngozele
data\processed\features\vox_senilis\2564_u_n.npy,data\raw\vox_senilis\2564\vowels\2564-u_n.nsp,vox_senilis,1,2564,2007,u_n,w,61.8,6.484517304189436,train,"Kompensiert, alte",1,vox_senilis
data/processed/features_augmented/laryngozele/1205_1602_iau_pm1_0.npy,data\raw\laryngozele\1205\vowels\1205-iau.nsp,laryngozele,0,1205,1602,iau,m,47.0,1.0,train,"Z.B. linkes Taschenband, Stimmlippen o.B.; Stroboskopie o.B.",0,laryngozele
data\processed\features\vox_senilis\2596_i_h.npy,data\raw\vox_senilis\2596\vowels\2596-i_h.nsp,vox_senilis,1,2596,2336,i_h,w,64.2,6.484517304189436,train,"Funktionelle Dysphonie, Vox senilis beginnend",1,vox_senilis
data/processed/features_augmented/laryngozele/1205_1602_u_l_p1_0.npy,data\raw\laryngozele\1205\vowels\1205-u_l.nsp,laryngozele,0,1205,1602,u_l,m,47.0,1.0,train,"Z.B. linkes Taschenband, Stimmlippen o.B.; Stroboskopie o.B.",0,laryngozele
data\processed\features\vox_senilis\2097_phrase.npy,data\raw\vox_senilis\2097\sentences\2097-phrase.nsp,vox_senilis,1,2097,2283,phrase,w,30.7,6.484517304189436,train,Chron. Laryngitis,1,vox_senilis
data/processed/features_augmented/laryngozele/1205_1602_u_lhl_p13_0.npy,data\raw\laryngozele\1205\vowels\1205-u_lhl.nsp,laryngozele,0,1205,1602,u_lhl,m,47.0,1.0,train,"Z.B. linkes Taschenband, Stimmlippen o.B.; Stroboskopie o.B.",0,laryngozele
data\processed\features\vox_senilis\2377_a_h.npy,data\raw\vox_senilis\2377\vowels\2377-a_h.nsp,vox_senilis,1,2377,2511,a_h,m,67.4,6.484517304189436,train,,1,vox_senilis
data\processed\features\vox_senilis\2509_u_h.npy,data\raw\vox_senilis\2509\vowels\2509-u_h.nsp,vox_senilis,1,2509,2643,u_h,w,63.9,6.484517304189436,train,,1,vox_senilis
data/processed/features_augmented/laryngozele/1205_1602_iau_p9_5.npy,data\raw\laryngozele\1205\vowels\1205-iau.nsp,laryngozele,0,1205,1602,iau,m,47.0,1.0,train,"Z.B. linkes Taschenband, Stimmlippen o.B.; Stroboskopie o.B.",0,laryngozele
data/processed/features_augmented/laryngozele/1205_1602_a_n_p11_5.npy,data\raw\laryngozele\1205\vowels\1205-a_n.nsp,laryngozele,0,1205,1602,a_n,m,47.0,1.0,train,"Z.B. linkes Taschenband, Stimmlippen o.B.; Stroboskopie o.B.",0,laryngozele
data/processed/features_augmented/laryngozele/1205_1602_i_h_p10_0.npy,data\raw\laryngozele\1205\vowels\1205-i_h.nsp,laryngozele,0,1205,1602,i_h,m,47.0,1.0,train,"Z.B. linkes Taschenband, Stimmlippen o.B.; Stroboskopie o.B.",0,laryngozele
data/processed/features_augmented/laryngozele/1205_1602_phrase_p14_0.npy,data\raw\laryngozele\1205\sentences\1205-phrase.nsp,laryngozele,0,1205,1602,phrase,m,47.0,1.0,train,"Z.B. linkes Taschenband, Stimmlippen o.B.; Stroboskopie o.B.",0,laryngozele
data\processed\features\vox_senilis\933_u_l.npy,data\raw\vox_senilis\933\vowels\933-u_l.nsp,vox_senilis,1,933,1525,u_l,w,79.7,6.484517304189436,train,Stimmlippenvarizen links,1,vox_senilis
data/processed/features_augmented/laryngozele/1205_1602_i_n_p3_0.npy,data\raw\laryngozele\1205\vowels\1205-i_n.nsp,laryngozele,0,1205,1602,i_n,m,47.0,1.0,train,"Z.B. linkes Taschenband, Stimmlippen o.B.; Stroboskopie o.B.",0,laryngozele
data\processed\features\vox_senilis\1819_i_lhl.npy,data\raw\vox_senilis\1819\vowels\1819-i_lhl.nsp,vox_senilis,1,1819,2084,i_lhl,m,66.6,6.484517304189436,train,Ohne Reflux,1,vox_senilis
data/processed/features_augmented/laryngozele/1205_1602_u_lhl_p5_0.npy,data\raw\laryngozele\1205\vowels\1205-u_lhl.nsp,laryngozele,0,1205,1602,u_lhl,m,47.0,1.0,train,"Z.B. linkes Taschenband, Stimmlippen o.B.; Stroboskopie o.B.",0,laryngozele
data/processed/features_augmented/laryngozele/1205_1602_i_lhl_p8_0.npy,data\raw\laryngozele\1205\vowels\1205-i_lhl.nsp,laryngozele,0,1205,1602,i_lhl,m,47.0,1.0,train,"Z.B. linkes Taschenband, Stimmlippen o.B.; Stroboskopie o.B.",0,laryngozele
data\processed\features\vox_senilis\2377_i_lhl.npy,data\raw\vox_senilis\2377\vowels\2377-i_lhl.nsp,vox_senilis,1,2377,2511,i_lhl,m,67.4,6.484517304189436,train,,1,vox_senilis
data/processed/features_augmented/laryngozele/1205_1602_u_h_p5_0.npy,data\raw\laryngozele\1205\vowels\1205-u_h.nsp,laryngozele,0,1205,1602,u_h,m,47.0,1.0,train,"Z.B. linkes Taschenband, Stimmlippen o.B.; Stroboskopie o.B.",0,laryngozele
data\processed\features\vox_senilis\2515_u_lhl.npy,data\raw\vox_senilis\2515\vowels\2515-u_lhl.nsp,vox_senilis,1,2515,2649,u_lhl,w,75.2,6.484517304189436,train,,1,vox_senilis
data\processed\features\vox_senilis\2303_phrase.npy,data\raw\vox_senilis\2303\sentences\2303-phrase.nsp,vox_senilis,1,2303,2420,phrase,w,73.5,6.484517304189436,train,Zustand nach Abtragung des Polyps,1,vox_senilis
data/processed/features_augmented/laryngozele/1205_1602_i_h_p9_0.npy,data\raw\laryngozele\1205\vowels\1205-i_h.nsp,laryngozele,0,1205,1602,i_h,m,47.0,1.0,train,"Z.B. linkes Taschenband, Stimmlippen o.B.; Stroboskopie o.B.",0,laryngozele
data/processed/features_augmented/laryngozele/1205_1602_i_h_p6_0.npy,data\raw\laryngozele\1205\vowels\1205-i_h.nsp,laryngozele,0,1205,1602,i_h,m,47.0,1.0,train,"Z.B. linkes Taschenband, Stimmlippen o.B.; Stroboskopie o.B.",0,laryngozele
data\processed\features\vox_senilis\1478_u_h.npy,data\raw\vox_senilis\1478\vowels\1478-u_h.nsp,vox_senilis,1,1478,1826,u_h,m,77.3,6.484517304189436,train,"Links, nach Strumektomie bei beginnender vox senilis",1,vox_senilis
data\processed\features\vox_senilis\1220_a_h.npy,data\raw\vox_senilis\1220\vowels\1220-a_h.nsp,vox_senilis,1,1220,1608,a_h,m,76.7,6.484517304189436,train,Vox senilis,1,vox_senilis
data/processed/features_augmented/laryngozele/1205_1602_i_lhl_p7_0.npy,data\raw\laryngozele\1205\vowels\1205-i_lhl.nsp,laryngozele,0,1205,1602,i_lhl,m,47.0,1.0,train,"Z.B. linkes Taschenband, Stimmlippen o.B.; Stroboskopie o.B.",0,laryngozele
data\processed\features\vox_senilis\1971_u_l.npy,data\raw\vox_senilis\1971\vowels\1971-u_l.nsp,vox_senilis,1,1971,2180,u_l,w,78.0,6.484517304189436,train,Intermediärschwäche,1,vox_senilis
data\processed\features\vox_senilis\1268_i_n.npy,data\raw\vox_senilis\1268\vowels\1268-i_n.nsp,vox_senilis,1,1268,1656,i_n,m,83.5,6.484517304189436,train,Mit Stimmschwäche,1,vox_senilis
data\processed\features\vox_senilis\1220_a_n.npy,data\raw\vox_senilis\1220\vowels\1220-a_n.nsp,vox_senilis,1,1220,1608,a_n,m,76.7,6.484517304189436,train,Vox senilis,1,vox_senilis
data/processed/features_augmented/laryngozele/1205_1602_i_lhl_p10_0.npy,data\raw\laryngozele\1205\vowels\1205-i_lhl.nsp,laryngozele,0,1205,1602,i_lhl,m,47.0,1.0,train,"Z.B. linkes Taschenband, Stimmlippen o.B.; Stroboskopie o.B.",0,laryngozele
data\processed\features\vox_senilis\2121_phrase.npy,data\raw\vox_senilis\2121\sentences\2121-phrase.nsp,vox_senilis,1,2121,2310,phrase,w,69.0,6.484517304189436,train,,1,vox_senilis
data\processed\features\vox_senilis\1338_u_h.npy,data\raw\vox_senilis\1338\vowels\1338-u_h.nsp,vox_senilis,1,1338,1720,u_h,m,89.0,6.484517304189436,train,"Massive Form mit breiter Excavation, Subglottisches Chondrom",1,vox_senilis
data/processed/features_augmented/laryngozele/1205_1602_i_l_p14_0.npy,data\raw\laryngozele\1205\vowels\1205-i_l.nsp,laryngozele,0,1205,1602,i_l,m,47.0,1.0,train,"Z.B. linkes Taschenband, Stimmlippen o.B.; Stroboskopie o.B.",0,laryngozele
data\processed\features\vox_senilis\2564_a_l.npy,data\raw\vox_senilis\2564\vowels\2564-a_l.nsp,vox_senilis,1,2564,2007,a_l,w,61.8,6.484517304189436,train,"Kompensiert, alte",1,vox_senilis
data\processed\features\vox_senilis\2515_u_n.npy,data\raw\vox_senilis\2515\vowels\2515-u_n.nsp,vox_senilis,1,2515,2649,u_n,w,75.2,6.484517304189436,train,,1,vox_senilis
data\processed\features\vox_senilis\360_u_h.npy,data\raw\vox_senilis\360\vowels\360-u_h.nsp,vox_senilis,1,360,1347,u_h,w,75.5,6.484517304189436,train,"Beginnnende vox senilis, auffälliges voice onset",1,vox_senilis
data\processed\features\vox_senilis\1819_a_h.npy,data\raw\vox_senilis\1819\vowels\1819-a_h.nsp,vox_senilis,1,1819,2084,a_h,m,66.6,6.484517304189436,train,Ohne Reflux,1,vox_senilis
data\processed\features\vox_senilis\826_i_h.npy,data\raw\vox_senilis\826\vowels\826-i_h.nsp,vox_senilis,1,826,1438,i_h,w,78.9,6.484517304189436,train,Leicht ödematöse Stimmlippen,1,vox_senilis
data\processed\features\vox_senilis\846_i_lhl.npy,data\raw\vox_senilis\846\vowels\846-i_lhl.nsp,vox_senilis,1,846,1445,i_lhl,w,68.7,6.484517304189436,train,Subglottale Cyste,1,vox_senilis
data/processed/features_augmented/laryngozele/1205_1602_u_l_p5_5.npy,data\raw\laryngozele\1205\vowels\1205-u_l.nsp,laryngozele,0,1205,1602,u_l,m,47.0,1.0,train,"Z.B. linkes Taschenband, Stimmlippen o.B.; Stroboskopie o.B.",0,laryngozele
data/processed/features_augmented/laryngozele/1205_1602_i_l_p9_0.npy,data\raw\laryngozele\1205\vowels\1205-i_l.nsp,laryngozele,0,1205,1602,i_l,m,47.0,1.0,train,"Z.B. linkes Taschenband, Stimmlippen o.B.; Stroboskopie o.B.",0,laryngozele
data/processed/features_augmented/laryngozele/1205_1602_i_lhl_p5_0.npy,data\raw\laryngozele\1205\vowels\1205-i_lhl.nsp,laryngozele,0,1205,1602,i_lhl,m,47.0,1.0,train,"Z.B. linkes Taschenband, Stimmlippen o.B.; Stroboskopie o.B.",0,laryngozele
data\processed\features\vox_senilis\1971_u_n.npy,data\raw\vox_senilis\1971\vowels\1971-u_n.nsp,vox_senilis,1,1971,2180,u_n,w,78.0,6.484517304189436,train,Intermediärschwäche,1,vox_senilis
data\processed\features\vox_senilis\2377_u_l.npy,data\raw\vox_senilis\2377\vowels\2377-u_l.nsp,vox_senilis,1,2377,2511,u_l,m,67.4,6.484517304189436,train,,1,vox_senilis
data\processed\features\vox_senilis\2121_a_lhl.npy,data\raw\vox_senilis\2121\vowels\2121-a_lhl.nsp,vox_senilis,1,2121,2310,a_lhl,w,69.0,6.484517304189436,train,,1,vox_senilis
data\processed\features\vox_senilis\2003_a_lhl.npy,data\raw\vox_senilis\2003\vowels\2003-a_lhl.nsp,vox_senilis,1,2003,2212,a_lhl,m,77.6,6.484517304189436,train,Laryngitis subglottisch,1,vox_senilis
data\processed\features\vox_senilis\2121_u_lhl.npy,data\raw\vox_senilis\2121\vowels\2121-u_lhl.nsp,vox_senilis,1,2121,2310,u_lhl,w,69.0,6.484517304189436,train,,1,vox_senilis
data/processed/features_augmented/laryngozele/1205_1602_i_l_p5_5.npy,data\raw\laryngozele\1205\vowels\1205-i_l.nsp,laryngozele,0,1205,1602,i_l,m,47.0,1.0,train,"Z.B. linkes Taschenband, Stimmlippen o.B.; Stroboskopie o.B.",0,laryngozele
data/processed/features_augmented/laryngozele/1205_1602_u_lhl_p10_0.npy,data\raw\laryngozele\1205\vowels\1205-u_lhl.nsp,laryngozele,0,1205,1602,u_lhl,m,47.0,1.0,train,"Z.B. linkes Taschenband, Stimmlippen o.B.; Stroboskopie o.B.",0,laryngozele
data\processed\features\vox_senilis\2121_u_h.npy,data\raw\vox_senilis\2121\vowels\2121-u_h.nsp,vox_senilis,1,2121,2310,u_h,w,69.0,6.484517304189436,train,,1,vox_senilis
data\processed\features\vox_senilis\1159_a_h.npy,data\raw\vox_senilis\1159\vowels\1159-a_h.nsp,vox_senilis,1,1159,1445,a_h,w,69.1,6.484517304189436,train,Leichte subglottische Einengung,1,vox_senilis
data\processed\features\vox_senilis\1220_a_l.npy,data\raw\vox_senilis\1220\vowels\1220-a_l.nsp,vox_senilis,1,1220,1608,a_l,m,76.7,6.484517304189436,train,Vox senilis,1,vox_senilis
data\processed\features\vox_senilis\1159_u_n.npy,data\raw\vox_senilis\1159\vowels\1159-u_n.nsp,vox_senilis,1,1159,1445,u_n,w,69.1,6.484517304189436,train,Leichte subglottische Einengung,1,vox_senilis
data\processed\features\vox_senilis\2377_i_l.npy,data\raw\vox_senilis\2377\vowels\2377-i_l.nsp,vox_senilis,1,2377,2511,i_l,m,67.4,6.484517304189436,train,,1,vox_senilis
data/processed/features_augmented/laryngozele/1205_1602_u_l_p11_0.npy,data\raw\laryngozele\1205\vowels\1205-u_l.nsp,laryngozele,0,1205,1602,u_l,m,47.0,1.0,train,"Z.B. linkes Taschenband, Stimmlippen o.B.; Stroboskopie o.B.",0,laryngozele
data/processed/features_augmented/laryngozele/1205_1602_phrase_p0_0.npy,data\raw\laryngozele\1205\sentences\1205-phrase.nsp,laryngozele,0,1205,1602,phrase,m,47.0,1.0,train,"Z.B. linkes Taschenband, Stimmlippen o.B.; Stroboskopie o.B.",0,laryngozele
data/processed/features_augmented/laryngozele/1205_1602_u_l_p2_0.npy,data\raw\laryngozele\1205\vowels\1205-u_l.nsp,laryngozele,0,1205,1602,u_l,m,47.0,1.0,train,"Z.B. linkes Taschenband, Stimmlippen o.B.; Stroboskopie o.B.",0,laryngozele
data/processed/features_augmented/laryngozele/1205_1602_a_l_p12_0.npy,data\raw\laryngozele\1205\vowels\1205-a_l.nsp,laryngozele,0,1205,1602,a_l,m,47.0,1.0,train,"Z.B. linkes Taschenband, Stimmlippen o.B.; Stroboskopie o.B.",0,laryngozele
data\processed\features\vox_senilis\2421_i_l.npy,data\raw\vox_senilis\2421\vowels\2421-i_l.nsp,vox_senilis,1,2421,2555,i_l,w,87.6,6.484517304189436,train,,1,vox_senilis
data/processed/features_augmented/laryngozele/1205_1602_u_h_pm3_0.npy,data\raw\laryngozele\1205\vowels\1205-u_h.nsp,laryngozele,0,1205,1602,u_h,m,47.0,1.0,train,"Z.B. linkes Taschenband, Stimmlippen o.B.; Stroboskopie o.B.",0,laryngozele
data/processed/features_augmented/laryngozele/1205_1602_u_lhl_p11_0.npy,data\raw\laryngozele\1205\vowels\1205-u_lhl.nsp,laryngozele,0,1205,1602,u_lhl,m,47.0,1.0,train,"Z.B. linkes Taschenband, Stimmlippen o.B.; Stroboskopie o.B.",0,laryngozele
data/processed/features_augmented/laryngozele/1205_1602_u_n_pm1_0.npy,data\raw\laryngozele\1205\vowels\1205-u_n.nsp,laryngozele,0,1205,1602,u_n,m,47.0,1.0,train,"Z.B. linkes Taschenband, Stimmlippen o.B.; Stroboskopie o.B.",0,laryngozele
data\processed\features\vox_senilis\1220_phrase.npy,data\raw\vox_senilis\1220\sentences\1220-phrase.nsp,vox_senilis,1,1220,1608,phrase,m,76.7,6.484517304189436,train,Vox senilis,1,vox_senilis
data\processed\features\vox_senilis\2569_u_h.npy,data\raw\vox_senilis\2569\vowels\2569-u_h.nsp,vox_senilis,1,2569,2703,u_h,w,73.9,6.484517304189436,train,"Zustand nach Strumektomie, keine Rekurrensparese",1,vox_senilis
data\processed\features\vox_senilis\899_iau.npy,data\raw\vox_senilis\899\vowels\899-iau.nsp,vox_senilis,1,899,1491,iau,m,85.0,6.484517304189436,train,Differentialdiagnose: eventuell alte Schädigung des Arygelenks rechts,1,vox_senilis
data\processed\features\vox_senilis\2097_a_l.npy,data\raw\vox_senilis\2097\vowels\2097-a_l.nsp,vox_senilis,1,2097,2283,a_l,w,30.7,6.484517304189436,train,Chron. Laryngitis,1,vox_senilis
data/processed/features_augmented/laryngozele/1205_1602_u_l_p13_0.npy,data\raw\laryngozele\1205\vowels\1205-u_l.nsp,laryngozele,0,1205,1602,u_l,m,47.0,1.0,train,"Z.B. linkes Taschenband, Stimmlippen o.B.; Stroboskopie o.B.",0,laryngozele
data/processed/features_augmented/laryngozele/1205_1602_i_lhl_pm1_0.npy,data\raw\laryngozele\1205\vowels\1205-i_lhl.nsp,laryngozele,0,1205,1602,i_lhl,m,47.0,1.0,train,"Z.B. linkes Taschenband, Stimmlippen o.B.; Stroboskopie o.B.",0,laryngozele
data/processed/features_augmented/laryngozele/1205_1602_u_h_p13_0.npy,data\raw\laryngozele\1205\vowels\1205-u_h.nsp,laryngozele,0,1205,1602,u_h,m,47.0,1.0,train,"Z.B. linkes Taschenband, Stimmlippen o.B.; Stroboskopie o.B.",0,laryngozele
data\processed\features\vox_senilis\933_u_lhl.npy,data\raw\vox_senilis\933\vowels\933-u_lhl.nsp,vox_senilis,1,933,1525,u_lhl,w,79.7,6.484517304189436,train,Stimmlippenvarizen links,1,vox_senilis
data/processed/features_augmented/laryngozele/1205_1602_phrase_p5_0.npy,data\raw\laryngozele\1205\sentences\1205-phrase.nsp,laryngozele,0,1205,1602,phrase,m,47.0,1.0,train,"Z.B. linkes Taschenband, Stimmlippen o.B.; Stroboskopie o.B.",0,laryngozele
data\processed\features\vox_senilis\1159_i_l.npy,data\raw\vox_senilis\1159\vowels\1159-i_l.nsp,vox_senilis,1,1159,1445,i_l,w,69.1,6.484517304189436,train,Leichte subglottische Einengung,1,vox_senilis
data\processed\features\vox_senilis\1159_u_lhl.npy,data\raw\vox_senilis\1159\vowels\1159-u_lhl.nsp,vox_senilis,1,1159,1445,u_lhl,w,69.1,6.484517304189436,train,Leichte subglottische Einengung,1,vox_senilis
data/processed/features_augmented/laryngozele/1205_1602_i_l_pm2_0.npy,data\raw\laryngozele\1205\vowels\1205-i_l.nsp,laryngozele,0,1205,1602,i_l,m,47.0,1.0,train,"Z.B. linkes Taschenband, Stimmlippen o.B.; Stroboskopie o.B.",0,laryngozele
data\processed\features\vox_senilis\2515_iau.npy,data\raw\vox_senilis\2515\vowels\2515-iau.nsp,vox_senilis,1,2515,2649,iau,w,75.2,6.484517304189436,train,,1,vox_senilis
data/processed/features_augmented/laryngozele/1205_1602_a_lhl_p12_0.npy,data\raw\laryngozele\1205\vowels\1205-a_lhl.nsp,laryngozele,0,1205,1602,a_lhl,m,47.0,1.0,train,"Z.B. linkes Taschenband, Stimmlippen o.B.; Stroboskopie o.B.",0,laryngozele
data/processed/features_augmented/laryngozele/1205_1602_i_l_p8_0.npy,data\raw\laryngozele\1205\vowels\1205-i_l.nsp,laryngozele,0,1205,1602,i_l,m,47.0,1.0,train,"Z.B. linkes Taschenband, Stimmlippen o.B.; Stroboskopie o.B.",0,laryngozele
data/processed/features_augmented/laryngozele/1205_1602_u_l_p8_0.npy,data\raw\laryngozele\1205\vowels\1205-u_l.nsp,laryngozele,0,1205,1602,u_l,m,47.0,1.0,train,"Z.B. linkes Taschenband, Stimmlippen o.B.; Stroboskopie o.B.",0,laryngozele
data\processed\features\vox_senilis\1338_a_lhl.npy,data\raw\vox_senilis\1338\vowels\1338-a_lhl.nsp,vox_senilis,1,1338,1720,a_lhl,m,89.0,6.484517304189436,train,"Massive Form mit breiter Excavation, Subglottisches Chondrom",1,vox_senilis
data\processed\features\vox_senilis\1971_a_h.npy,data\raw\vox_senilis\1971\vowels\1971-a_h.nsp,vox_senilis,1,1971,2180,a_h,w,78.0,6.484517304189436,train,Intermediärschwäche,1,vox_senilis
data/processed/features_augmented/laryngozele/1205_1602_i_l_p6_0.npy,data\raw\laryngozele\1205\vowels\1205-i_l.nsp,laryngozele,0,1205,1602,i_l,m,47.0,1.0,train,"Z.B. linkes Taschenband, Stimmlippen o.B.; Stroboskopie o.B.",0,laryngozele
data/processed/features_augmented/laryngozele/1205_1602_iau_p10_0.npy,data\raw\laryngozele\1205\vowels\1205-iau.nsp,laryngozele,0,1205,1602,iau,m,47.0,1.0,train,"Z.B. linkes Taschenband, Stimmlippen o.B.; Stroboskopie o.B.",0,laryngozele
data/processed/features_augmented/laryngozele/1205_1602_a_l_p11_0.npy,data\raw\laryngozele\1205\vowels\1205-a_l.nsp,laryngozele,0,1205,1602,a_l,m,47.0,1.0,train,"Z.B. linkes Taschenband, Stimmlippen o.B.; Stroboskopie o.B.",0,laryngozele
data/processed/features_augmented/laryngozele/1205_1602_u_h_p7_5.npy,data\raw\laryngozele\1205\vowels\1205-u_h.nsp,laryngozele,0,1205,1602,u_h,m,47.0,1.0,train,"Z.B. linkes Taschenband, Stimmlippen o.B.; Stroboskopie o.B.",0,laryngozele
data\processed\features\vox_senilis\2121_iau.npy,data\raw\vox_senilis\2121\vowels\2121-iau.nsp,vox_senilis,1,2121,2310,iau,w,69.0,6.484517304189436,train,,1,vox_senilis
data/processed/features_augmented/laryngozele/1205_1602_a_lhl_p11_0.npy,data\raw\laryngozele\1205\vowels\1205-a_lhl.nsp,laryngozele,0,1205,1602,a_lhl,m,47.0,1.0,train,"Z.B. linkes Taschenband, Stimmlippen o.B.; Stroboskopie o.B.",0,laryngozele
data/processed/features_augmented/laryngozele/1205_1602_u_h_p14_0.npy,data\raw\laryngozele\1205\vowels\1205-u_h.nsp,laryngozele,0,1205,1602,u_h,m,47.0,1.0,train,"Z.B. linkes Taschenband, Stimmlippen o.B.; Stroboskopie o.B.",0,laryngozele
data/processed/features_augmented/laryngozele/1205_1602_a_l_p9_5.npy,data\raw\laryngozele\1205\vowels\1205-a_l.nsp,laryngozele,0,1205,1602,a_l,m,47.0,1.0,train,"Z.B. linkes Taschenband, Stimmlippen o.B.; Stroboskopie o.B.",0,laryngozele
data/processed/features_augmented/laryngozele/1205_1602_u_lhl_p8_5.npy,data\raw\laryngozele\1205\vowels\1205-u_lhl.nsp,laryngozele,0,1205,1602,u_lhl,m,47.0,1.0,train,"Z.B. linkes Taschenband, Stimmlippen o.B.; Stroboskopie o.B.",0,laryngozele
data\processed\features\vox_senilis\360_u_l.npy,data\raw\vox_senilis\360\vowels\360-u_l.nsp,vox_senilis,1,360,1347,u_l,w,75.5,6.484517304189436,train,"Beginnnende vox senilis, auffälliges voice onset",1,vox_senilis
data\processed\features\vox_senilis\846_u_h.npy,data\raw\vox_senilis\846\vowels\846-u_h.nsp,vox_senilis,1,846,1445,u_h,w,68.7,6.484517304189436,train,Subglottale Cyste,1,vox_senilis
data\processed\features\vox_senilis\2515_u_l.npy,data\raw\vox_senilis\2515\vowels\2515-u_l.nsp,vox_senilis,1,2515,2649,u_l,w,75.2,6.484517304189436,train,,1,vox_senilis
data/processed/features_augmented/laryngozele/1205_1602_phrase_p7_0.npy,data\raw\laryngozele\1205\sentences\1205-phrase.nsp,laryngozele,0,1205,1602,phrase,m,47.0,1.0,train,"Z.B. linkes Taschenband, Stimmlippen o.B.; Stroboskopie o.B.",0,laryngozele
data/processed/features_augmented/laryngozele/1205_1602_i_l_pm3_0.npy,data\raw\laryngozele\1205\vowels\1205-i_l.nsp,laryngozele,0,1205,1602,i_l,m,47.0,1.0,train,"Z.B. linkes Taschenband, Stimmlippen o.B.; Stroboskopie o.B.",0,laryngozele
data/processed/features_augmented/laryngozele/1205_1602_u_n_p10_5.npy,data\raw\laryngozele\1205\vowels\1205-u_n.nsp,laryngozele,0,1205,1602,u_n,m,47.0,1.0,train,"Z.B. linkes Taschenband, Stimmlippen o.B.; Stroboskopie o.B.",0,laryngozele
data/processed/features_augmented/laryngozele/1205_1602_a_lhl_pm4_0.npy,data\raw\laryngozele\1205\vowels\1205-a_lhl.nsp,laryngozele,0,1205,1602,a_lhl,m,47.0,1.0,train,"Z.B. linkes Taschenband, Stimmlippen o.B.; Stroboskopie o.B.",0,laryngozele
data\processed\features\vox_senilis\2003_u_lhl.npy,data\raw\vox_senilis\2003\vowels\2003-u_lhl.nsp,vox_senilis,1,2003,2212,u_lhl,m,77.6,6.484517304189436,train,Laryngitis subglottisch,1,vox_senilis
data/processed/features_augmented/laryngozele/1205_1602_u_n_p4_0.npy,data\raw\laryngozele\1205\vowels\1205-u_n.nsp,laryngozele,0,1205,1602,u_n,m,47.0,1.0,train,"Z.B. linkes Taschenband, Stimmlippen o.B.; Stroboskopie o.B.",0,laryngozele
data\processed\features\vox_senilis\2601_u_n.npy,data\raw\vox_senilis\2601\vowels\2601-u_n.nsp,vox_senilis,1,2601,2727,u_n,w,64.7,6.484517304189436,train,,1,vox_senilis
data/processed/features_augmented/laryngozele/1205_1602_u_lhl_p1_0.npy,data\raw\laryngozele\1205\vowels\1205-u_lhl.nsp,laryngozele,0,1205,1602,u_lhl,m,47.0,1.0,train,"Z.B. linkes Taschenband, Stimmlippen o.B.; Stroboskopie o.B.",0,laryngozele
data/processed/features_augmented/laryngozele/1205_1602_i_h_p5_5.npy,data\raw\laryngozele\1205\vowels\1205-i_h.nsp,laryngozele,0,1205,1602,i_h,m,47.0,1.0,train,"Z.B. linkes Taschenband, Stimmlippen o.B.; Stroboskopie o.B.",0,laryngozele
data\processed\features\vox_senilis\1159_u_l.npy,data\raw\vox_senilis\1159\vowels\1159-u_l.nsp,vox_senilis,1,1159,1445,u_l,w,69.1,6.484517304189436,train,Leichte subglottische Einengung,1,vox_senilis
data/processed/features_augmented/laryngozele/1205_1602_iau_pm2_0.npy,data\raw\laryngozele\1205\vowels\1205-iau.nsp,laryngozele,0,1205,1602,iau,m,47.0,1.0,train,"Z.B. linkes Taschenband, Stimmlippen o.B.; Stroboskopie o.B.",0,laryngozele
data\processed\features\vox_senilis\899_u_lhl.npy,data\raw\vox_senilis\899\vowels\899-u_lhl.nsp,vox_senilis,1,899,1491,u_lhl,m,85.0,6.484517304189436,train,Differentialdiagnose: eventuell alte Schädigung des Arygelenks rechts,1,vox_senilis
data/processed/features_augmented/laryngozele/1205_1602_u_n_p7_0.npy,data\raw\laryngozele\1205\vowels\1205-u_n.nsp,laryngozele,0,1205,1602,u_n,m,47.0,1.0,train,"Z.B. linkes Taschenband, Stimmlippen o.B.; Stroboskopie o.B.",0,laryngozele
data/processed/features_augmented/laryngozele/1205_1602_u_n_p5_0.npy,data\raw\laryngozele\1205\vowels\1205-u_n.nsp,laryngozele,0,1205,1602,u_n,m,47.0,1.0,train,"Z.B. linkes Taschenband, Stimmlippen o.B.; Stroboskopie o.B.",0,laryngozele
data/processed/features_augmented/laryngozele/1205_1602_a_lhl_p7_0.npy,data\raw\laryngozele\1205\vowels\1205-a_lhl.nsp,laryngozele,0,1205,1602,a_lhl,m,47.0,1.0,train,"Z.B. linkes Taschenband, Stimmlippen o.B.; Stroboskopie o.B.",0,laryngozele
data/processed/features_augmented/laryngozele/1205_1602_iau_p10_5.npy,data\raw\laryngozele\1205\vowels\1205-iau.nsp,laryngozele,0,1205,1602,iau,m,47.0,1.0,train,"Z.B. linkes Taschenband, Stimmlippen o.B.; Stroboskopie o.B.",0,laryngozele
data/processed/features_augmented/laryngozele/1205_1602_u_n_p2_0.npy,data\raw\laryngozele\1205\vowels\1205-u_n.nsp,laryngozele,0,1205,1602,u_n,m,47.0,1.0,train,"Z.B. linkes Taschenband, Stimmlippen o.B.; Stroboskopie o.B.",0,laryngozele
data/processed/features_augmented/laryngozele/1205_1602_a_n_p10_0.npy,data\raw\laryngozele\1205\vowels\1205-a_n.nsp,laryngozele,0,1205,1602,a_n,m,47.0,1.0,train,"Z.B. linkes Taschenband, Stimmlippen o.B.; Stroboskopie o.B.",0,laryngozele
data/processed/features_augmented/laryngozele/1205_1602_u_l_p14_0.npy,data\raw\laryngozele\1205\vowels\1205-u_l.nsp,laryngozele,0,1205,1602,u_l,m,47.0,1.0,train,"Z.B. linkes Taschenband, Stimmlippen o.B.; Stroboskopie o.B.",0,laryngozele
data/processed/features_augmented/laryngozele/1205_1602_u_l_p4_0.npy,data\raw\laryngozele\1205\vowels\1205-u_l.nsp,laryngozele,0,1205,1602,u_l,m,47.0,1.0,train,"Z.B. linkes Taschenband, Stimmlippen o.B.; Stroboskopie o.B.",0,laryngozele
data\processed\features\vox_senilis\2515_i_n.npy,data\raw\vox_senilis\2515\vowels\2515-i_n.nsp,vox_senilis,1,2515,2649,i_n,w,75.2,6.484517304189436,train,,1,vox_senilis
data/processed/features_augmented/laryngozele/1205_1602_a_n_p13_0.npy,data\raw\laryngozele\1205\vowels\1205-a_n.nsp,laryngozele,0,1205,1602,a_n,m,47.0,1.0,train,"Z.B. linkes Taschenband, Stimmlippen o.B.; Stroboskopie o.B.",0,laryngozele
data/processed/features_augmented/laryngozele/1205_1602_a_l_p5_5.npy,data\raw\laryngozele\1205\vowels\1205-a_l.nsp,laryngozele,0,1205,1602,a_l,m,47.0,1.0,train,"Z.B. linkes Taschenband, Stimmlippen o.B.; Stroboskopie o.B.",0,laryngozele
data/processed/features_augmented/laryngozele/1205_1602_i_lhl_p12_0.npy,data\raw\laryngozele\1205\vowels\1205-i_lhl.nsp,laryngozele,0,1205,1602,i_lhl,m,47.0,1.0,train,"Z.B. linkes Taschenband, Stimmlippen o.B.; Stroboskopie o.B.",0,laryngozele
data/processed/features_augmented/laryngozele/1205_1602_u_n_p8_5.npy,data\raw\laryngozele\1205\vowels\1205-u_n.nsp,laryngozele,0,1205,1602,u_n,m,47.0,1.0,train,"Z.B. linkes Taschenband, Stimmlippen o.B.; Stroboskopie o.B.",0,laryngozele
data\processed\features\vox_senilis\360_i_l.npy,data\raw\vox_senilis\360\vowels\360-i_l.nsp,vox_senilis,1,360,1347,i_l,w,75.5,6.484517304189436,train,"Beginnnende vox senilis, auffälliges voice onset",1,vox_senilis
data\processed\features\vox_senilis\1478_a_n.npy,data\raw\vox_senilis\1478\vowels\1478-a_n.nsp,vox_senilis,1,1478,1826,a_n,m,77.3,6.484517304189436,train,"Links, nach Strumektomie bei beginnender vox senilis",1,vox_senilis
data/processed/features_augmented/laryngozele/1205_1602_i_l_p12_0.npy,data\raw\laryngozele\1205\vowels\1205-i_l.nsp,laryngozele,0,1205,1602,i_l,m,47.0,1.0,train,"Z.B. linkes Taschenband, Stimmlippen o.B.; Stroboskopie o.B.",0,laryngozele
data/processed/features_augmented/laryngozele/1205_1602_i_h_p0_0.npy,data\raw\laryngozele\1205\vowels\1205-i_h.nsp,laryngozele,0,1205,1602,i_h,m,47.0,1.0,train,"Z.B. linkes Taschenband, Stimmlippen o.B.; Stroboskopie o.B.",0,laryngozele
data/processed/features_augmented/laryngozele/1205_1602_i_n_p9_5.npy,data\raw\laryngozele\1205\vowels\1205-i_n.nsp,laryngozele,0,1205,1602,i_n,m,47.0,1.0,train,"Z.B. linkes Taschenband, Stimmlippen o.B.; Stroboskopie o.B.",0,laryngozele
data/processed/features_augmented/laryngozele/1205_1602_a_n_pm3_0.npy,data\raw\laryngozele\1205\vowels\1205-a_n.nsp,laryngozele,0,1205,1602,a_n,m,47.0,1.0,train,"Z.B. linkes Taschenband, Stimmlippen o.B.; Stroboskopie o.B.",0,laryngozele
data\processed\features\vox_senilis\1203_iau.npy,data\raw\vox_senilis\1203\vowels\1203-iau.nsp,vox_senilis,1,1203,1600,iau,w,61.1,6.484517304189436,train,Leicht,1,vox_senilis
data\processed\features\vox_senilis\2121_i_lhl.npy,data\raw\vox_senilis\2121\vowels\2121-i_lhl.nsp,vox_senilis,1,2121,2310,i_lhl,w,69.0,6.484517304189436,train,,1,vox_senilis
data\processed\features\vox_senilis\1338_u_l.npy,data\raw\vox_senilis\1338\vowels\1338-u_l.nsp,vox_senilis,1,1338,1720,u_l,m,89.0,6.484517304189436,train,"Massive Form mit breiter Excavation, Subglottisches Chondrom",1,vox_senilis
data/processed/features_augmented/laryngozele/1205_1602_u_lhl_p10_5.npy,data\raw\laryngozele\1205\vowels\1205-u_lhl.nsp,laryngozele,0,1205,1602,u_lhl,m,47.0,1.0,train,"Z.B. linkes Taschenband, Stimmlippen o.B.; Stroboskopie o.B.",0,laryngozele
data\processed\features\vox_senilis\2596_phrase.npy,data\raw\vox_senilis\2596\sentences\2596-phrase.nsp,vox_senilis,1,2596,2336,phrase,w,64.2,6.484517304189436,train,"Funktionelle Dysphonie, Vox senilis beginnend",1,vox_senilis
data/processed/features_augmented/laryngozele/1205_1602_iau_p7_5.npy,data\raw\laryngozele\1205\vowels\1205-iau.nsp,laryngozele,0,1205,1602,iau,m,47.0,1.0,train,"Z.B. linkes Taschenband, Stimmlippen o.B.; Stroboskopie o.B.",0,laryngozele
data/processed/features_augmented/laryngozele/1205_1602_a_h_p5_0.npy,data\raw\laryngozele\1205\vowels\1205-a_h.nsp,laryngozele,0,1205,1602,a_h,m,47.0,1.0,train,"Z.B. linkes Taschenband, Stimmlippen o.B.; Stroboskopie o.B.",0,laryngozele
data/processed/features_augmented/laryngozele/1205_1602_a_lhl_p10_0.npy,data\raw\laryngozele\1205\vowels\1205-a_lhl.nsp,laryngozele,0,1205,1602,a_lhl,m,47.0,1.0,train,"Z.B. linkes Taschenband, Stimmlippen o.B.; Stroboskopie o.B.",0,laryngozele
data\processed\features\vox_senilis\1819_u_l.npy,data\raw\vox_senilis\1819\vowels\1819-u_l.nsp,vox_senilis,1,1819,2084,u_l,m,66.6,6.484517304189436,train,Ohne Reflux,1,vox_senilis
data\processed\features\vox_senilis\2596_u_n.npy,data\raw\vox_senilis\2596\vowels\2596-u_n.nsp,vox_senilis,1,2596,2336,u_n,w,64.2,6.484517304189436,train,"Funktionelle Dysphonie, Vox senilis beginnend",1,vox_senilis
data/processed/features_augmented/laryngozele/1205_1602_iau_p6_0.npy,data\raw\laryngozele\1205\vowels\1205-iau.nsp,laryngozele,0,1205,1602,iau,m,47.0,1.0,train,"Z.B. linkes Taschenband, Stimmlippen o.B.; Stroboskopie o.B.",0,laryngozele
data/processed/features_augmented/laryngozele/1205_1602_a_l_p7_0.npy,data\raw\laryngozele\1205\vowels\1205-a_l.nsp,laryngozele,0,1205,1602,a_l,m,47.0,1.0,train,"Z.B. linkes Taschenband, Stimmlippen o.B.; Stroboskopie o.B.",0,laryngozele
data\processed\features\vox_senilis\1478_i_lhl.npy,data\raw\vox_senilis\1478\vowels\1478-i_lhl.nsp,vox_senilis,1,1478,1826,i_lhl,m,77.3,6.484517304189436,train,"Links, nach Strumektomie bei beginnender vox senilis",1,vox_senilis
data\processed\features\vox_senilis\360_a_l.npy,data\raw\vox_senilis\360\vowels\360-a_l.nsp,vox_senilis,1,360,1347,a_l,w,75.5,6.484517304189436,train,"Beginnnende vox senilis, auffälliges voice onset",1,vox_senilis
data/processed/features_augmented/laryngozele/1205_1602_u_l_pm4_0.npy,data\raw\laryngozele\1205\vowels\1205-u_l.nsp,laryngozele,0,1205,1602,u_l,m,47.0,1.0,train,"Z.B. linkes Taschenband, Stimmlippen o.B.; Stroboskopie o.B.",0,laryngozele
data/processed/features_augmented/laryngozele/1205_1602_u_h_p8_0.npy,data\raw\laryngozele\1205\vowels\1205-u_h.nsp,laryngozele,0,1205,1602,u_h,m,47.0,1.0,train,"Z.B. linkes Taschenband, Stimmlippen o.B.; Stroboskopie o.B.",0,laryngozele
data\processed\features\vox_senilis\1268_i_lhl.npy,data\raw\vox_senilis\1268\vowels\1268-i_lhl.nsp,vox_senilis,1,1268,1656,i_lhl,m,83.5,6.484517304189436,train,Mit Stimmschwäche,1,vox_senilis
data/processed/features_augmented/laryngozele/1205_1602_a_l_p9_0.npy,data\raw\laryngozele\1205\vowels\1205-a_l.nsp,laryngozele,0,1205,1602,a_l,m,47.0,1.0,train,"Z.B. linkes Taschenband, Stimmlippen o.B.; Stroboskopie o.B.",0,laryngozele
data/processed/features_augmented/laryngozele/1205_1602_a_l_p3_0.npy,data\raw\laryngozele\1205\vowels\1205-a_l.nsp,laryngozele,0,1205,1602,a_l,m,47.0,1.0,train,"Z.B. linkes Taschenband, Stimmlippen o.B.; Stroboskopie o.B.",0,laryngozele
data\processed\features\vox_senilis\1220_u_h.npy,data\raw\vox_senilis\1220\vowels\1220-u_h.nsp,vox_senilis,1,1220,1608,u_h,m,76.7,6.484517304189436,train,Vox senilis,1,vox_senilis
data/processed/features_augmented/laryngozele/1205_1602_u_n_p12_0.npy,data\raw\laryngozele\1205\vowels\1205-u_n.nsp,laryngozele,0,1205,1602,u_n,m,47.0,1.0,train,"Z.B. linkes Taschenband, Stimmlippen o.B.; Stroboskopie o.B.",0,laryngozele
data\processed\features\vox_senilis\2097_a_lhl.npy,data\raw\vox_senilis\2097\vowels\2097-a_lhl.nsp,vox_senilis,1,2097,2283,a_lhl,w,30.7,6.484517304189436,train,Chron. Laryngitis,1,vox_senilis
data\processed\features\vox_senilis\1220_a_lhl.npy,data\raw\vox_senilis\1220\vowels\1220-a_lhl.nsp,vox_senilis,1,1220,1608,a_lhl,m,76.7,6.484517304189436,train,Vox senilis,1,vox_senilis
data\processed\features\vox_senilis\2121_u_l.npy,data\raw\vox_senilis\2121\vowels\2121-u_l.nsp,vox_senilis,1,2121,2310,u_l,w,69.0,6.484517304189436,train,,1,vox_senilis
data/processed/features_augmented/laryngozele/1205_1602_u_l_pm1_0.npy,data\raw\laryngozele\1205\vowels\1205-u_l.nsp,laryngozele,0,1205,1602,u_l,m,47.0,1.0,train,"Z.B. linkes Taschenband, Stimmlippen o.B.; Stroboskopie o.B.",0,laryngozele
data/processed/features_augmented/laryngozele/1205_1602_u_h_p3_0.npy,data\raw\laryngozele\1205\vowels\1205-u_h.nsp,laryngozele,0,1205,1602,u_h,m,47.0,1.0,train,"Z.B. linkes Taschenband, Stimmlippen o.B.; Stroboskopie o.B.",0,laryngozele
data\processed\features\vox_senilis\2421_u_lhl.npy,data\raw\vox_senilis\2421\vowels\2421-u_lhl.nsp,vox_senilis,1,2421,2555,u_lhl,w,87.6,6.484517304189436,train,,1,vox_senilis
data/processed/features_augmented/laryngozele/1205_1602_u_h_p10_5.npy,data\raw\laryngozele\1205\vowels\1205-u_h.nsp,laryngozele,0,1205,1602,u_h,m,47.0,1.0,train,"Z.B. linkes Taschenband, Stimmlippen o.B.; Stroboskopie o.B.",0,laryngozele
data/processed/features_augmented/laryngozele/1205_1602_u_lhl_p3_0.npy,data\raw\laryngozele\1205\vowels\1205-u_lhl.nsp,laryngozele,0,1205,1602,u_lhl,m,47.0,1.0,train,"Z.B. linkes Taschenband, Stimmlippen o.B.; Stroboskopie o.B.",0,laryngozele
data\processed\features\vox_senilis\2569_i_n.npy,data\raw\vox_senilis\2569\vowels\2569-i_n.nsp,vox_senilis,1,2569,2703,i_n,w,73.9,6.484517304189436,train,"Zustand nach Strumektomie, keine Rekurrensparese",1,vox_senilis
data\processed\features\vox_senilis\1268_u_n.npy,data\raw\vox_senilis\1268\vowels\1268-u_n.nsp,vox_senilis,1,1268,1656,u_n,m,83.5,6.484517304189436,train,Mit Stimmschwäche,1,vox_senilis
data\processed\features\vox_senilis\846_phrase.npy,data\raw\vox_senilis\846\sentences\846-phrase.nsp,vox_senilis,1,846,1445,phrase,w,68.7,6.484517304189436,train,Subglottale Cyste,1,vox_senilis
data\processed\features\vox_senilis\2421_iau.npy,data\raw\vox_senilis\2421\vowels\2421-iau.nsp,vox_senilis,1,2421,2555,iau,w,87.6,6.484517304189436,train,,1,vox_senilis
data/processed/features_augmented/laryngozele/1205_1602_u_l_p0_0.npy,data\raw\laryngozele\1205\vowels\1205-u_l.nsp,laryngozele,0,1205,1602,u_l,m,47.0,1.0,train,"Z.B. linkes Taschenband, Stimmlippen o.B.; Stroboskopie o.B.",0,laryngozele
data/processed/features_augmented/laryngozele/1205_1602_i_h_p8_0.npy,data\raw\laryngozele\1205\vowels\1205-i_h.nsp,laryngozele,0,1205,1602,i_h,m,47.0,1.0,train,"Z.B. linkes Taschenband, Stimmlippen o.B.; Stroboskopie o.B.",0,laryngozele
data\processed\features\vox_senilis\1220_i_lhl.npy,data\raw\vox_senilis\1220\vowels\1220-i_lhl.nsp,vox_senilis,1,1220,1608,i_lhl,m,76.7,6.484517304189436,train,Vox senilis,1,vox_senilis
data\processed\features\vox_senilis\1220_i_l.npy,data\raw\vox_senilis\1220\vowels\1220-i_l.nsp,vox_senilis,1,1220,1608,i_l,m,76.7,6.484517304189436,train,Vox senilis,1,vox_senilis
data\processed\features\vox_senilis\826_u_l.npy,data\raw\vox_senilis\826\vowels\826-u_l.nsp,vox_senilis,1,826,1438,u_l,w,78.9,6.484517304189436,train,Leicht ödematöse Stimmlippen,1,vox_senilis
data\processed\features\vox_senilis\1159_i_h.npy,data\raw\vox_senilis\1159\vowels\1159-i_h.nsp,vox_senilis,1,1159,1445,i_h,w,69.1,6.484517304189436,train,Leichte subglottische Einengung,1,vox_senilis
data/processed/features_augmented/laryngozele/1205_1602_u_lhl_p8_0.npy,data\raw\laryngozele\1205\vowels\1205-u_lhl.nsp,laryngozele,0,1205,1602,u_lhl,m,47.0,1.0,train,"Z.B. linkes Taschenband, Stimmlippen o.B.; Stroboskopie o.B.",0,laryngozele
data\processed\features\vox_senilis\1971_i_lhl.npy,data\raw\vox_senilis\1971\vowels\1971-i_lhl.nsp,vox_senilis,1,1971,2180,i_lhl,w,78.0,6.484517304189436,train,Intermediärschwäche,1,vox_senilis
data/processed/features_augmented/laryngozele/1205_1602_a_l_p7_5.npy,data\raw\laryngozele\1205\vowels\1205-a_l.nsp,laryngozele,0,1205,1602,a_l,m,47.0,1.0,train,"Z.B. linkes Taschenband, Stimmlippen o.B.; Stroboskopie o.B.",0,laryngozele
data/processed/features_augmented/laryngozele/1205_1602_i_h_p13_0.npy,data\raw\laryngozele\1205\vowels\1205-i_h.nsp,laryngozele,0,1205,1602,i_h,m,47.0,1.0,train,"Z.B. linkes Taschenband, Stimmlippen o.B.; Stroboskopie o.B.",0,laryngozele
data\processed\features\vox_senilis\2596_u_l.npy,data\raw\vox_senilis\2596\vowels\2596-u_l.nsp,vox_senilis,1,2596,2336,u_l,w,64.2,6.484517304189436,train,"Funktionelle Dysphonie, Vox senilis beginnend",1,vox_senilis
data\processed\features\vox_senilis\1268_phrase.npy,data\raw\vox_senilis\1268\sentences\1268-phrase.nsp,vox_senilis,1,1268,1656,phrase,m,83.5,6.484517304189436,train,Mit Stimmschwäche,1,vox_senilis
data\processed\features\vox_senilis\2377_u_h.npy,data\raw\vox_senilis\2377\vowels\2377-u_h.nsp,vox_senilis,1,2377,2511,u_h,m,67.4,6.484517304189436,train,,1,vox_senilis
data/processed/features_augmented/laryngozele/1205_1602_a_lhl_p6_0.npy,data\raw\laryngozele\1205\vowels\1205-a_lhl.nsp,laryngozele,0,1205,1602,a_lhl,m,47.0,1.0,train,"Z.B. linkes Taschenband, Stimmlippen o.B.; Stroboskopie o.B.",0,laryngozele
data/processed/features_augmented/laryngozele/1205_1602_u_h_p5_5.npy,data\raw\laryngozele\1205\vowels\1205-u_h.nsp,laryngozele,0,1205,1602,u_h,m,47.0,1.0,train,"Z.B. linkes Taschenband, Stimmlippen o.B.; Stroboskopie o.B.",0,laryngozele
data/processed/features_augmented/laryngozele/1205_1602_a_lhl_p5_0.npy,data\raw\laryngozele\1205\vowels\1205-a_lhl.nsp,laryngozele,0,1205,1602,a_lhl,m,47.0,1.0,train,"Z.B. linkes Taschenband, Stimmlippen o.B.; Stroboskopie o.B.",0,laryngozele
data/processed/features_augmented/laryngozele/1205_1602_iau_p7_0.npy,data\raw\laryngozele\1205\vowels\1205-iau.nsp,laryngozele,0,1205,1602,iau,m,47.0,1.0,train,"Z.B. linkes Taschenband, Stimmlippen o.B.; Stroboskopie o.B.",0,laryngozele
data\processed\features\vox_senilis\2596_a_n.npy,data\raw\vox_senilis\2596\vowels\2596-a_n.nsp,vox_senilis,1,2596,2336,a_n,w,64.2,6.484517304189436,train,"Funktionelle Dysphonie, Vox senilis beginnend",1,vox_senilis
data\processed\features\vox_senilis\360_a_n.npy,data\raw\vox_senilis\360\vowels\360-a_n.nsp,vox_senilis,1,360,1347,a_n,w,75.5,6.484517304189436,train,"Beginnnende vox senilis, auffälliges voice onset",1,vox_senilis
data\processed\features\vox_senilis\1220_u_n.npy,data\raw\vox_senilis\1220\vowels\1220-u_n.nsp,vox_senilis,1,1220,1608,u_n,m,76.7,6.484517304189436,train,Vox senilis,1,vox_senilis
data\processed\features\vox_senilis\1268_u_lhl.npy,data\raw\vox_senilis\1268\vowels\1268-u_lhl.nsp,vox_senilis,1,1268,1656,u_lhl,m,83.5,6.484517304189436,train,Mit Stimmschwäche,1,vox_senilis
data\processed\features\vox_senilis\2601_a_lhl.npy,data\raw\vox_senilis\2601\vowels\2601-a_lhl.nsp,vox_senilis,1,2601,2727,a_lhl,w,64.7,6.484517304189436,train,,1,vox_senilis
data/processed/features_augmented/laryngozele/1205_1602_i_n_p14_0.npy,data\raw\laryngozele\1205\vowels\1205-i_n.nsp,laryngozele,0,1205,1602,i_n,m,47.0,1.0,train,"Z.B. linkes Taschenband, Stimmlippen o.B.; Stroboskopie o.B.",0,laryngozele
data/processed/features_augmented/laryngozele/1205_1602_u_n_p1_0.npy,data\raw\laryngozele\1205\vowels\1205-u_n.nsp,laryngozele,0,1205,1602,u_n,m,47.0,1.0,train,"Z.B. linkes Taschenband, Stimmlippen o.B.; Stroboskopie o.B.",0,laryngozele
data/processed/features_augmented/laryngozele/1205_1602_i_h_p12_0.npy,data\raw\laryngozele\1205\vowels\1205-i_h.nsp,laryngozele,0,1205,1602,i_h,m,47.0,1.0,train,"Z.B. linkes Taschenband, Stimmlippen o.B.; Stroboskopie o.B.",0,laryngozele
data/processed/features_augmented/laryngozele/1205_1602_i_lhl_p2_0.npy,data\raw\laryngozele\1205\vowels\1205-i_lhl.nsp,laryngozele,0,1205,1602,i_lhl,m,47.0,1.0,train,"Z.B. linkes Taschenband, Stimmlippen o.B.; Stroboskopie o.B.",0,laryngozele
data/processed/features_augmented/laryngozele/1205_1602_a_lhl_p3_0.npy,data\raw\laryngozele\1205\vowels\1205-a_lhl.nsp,laryngozele,0,1205,1602,a_lhl,m,47.0,1.0,train,"Z.B. linkes Taschenband, Stimmlippen o.B.; Stroboskopie o.B.",0,laryngozele
data/processed/features_augmented/laryngozele/1205_1602_i_n_p9_0.npy,data\raw\laryngozele\1205\vowels\1205-i_n.nsp,laryngozele,0,1205,1602,i_n,m,47.0,1.0,train,"Z.B. linkes Taschenband, Stimmlippen o.B.; Stroboskopie o.B.",0,laryngozele
data/processed/features_augmented/laryngozele/1205_1602_u_lhl_p7_0.npy,data\raw\laryngozele\1205\vowels\1205-u_lhl.nsp,laryngozele,0,1205,1602,u_lhl,m,47.0,1.0,train,"Z.B. linkes Taschenband, Stimmlippen o.B.; Stroboskopie o.B.",0,laryngozele
data\processed\features\vox_senilis\2307_i_h.npy,data\raw\vox_senilis\2307\vowels\2307-i_h.nsp,vox_senilis,1,2307,2441,i_h,w,76.0,6.484517304189436,train,,1,vox_senilis
data\processed\features\vox_senilis\2421_i_h.npy,data\raw\vox_senilis\2421\vowels\2421-i_h.nsp,vox_senilis,1,2421,2555,i_h,w,87.6,6.484517304189436,train,,1,vox_senilis
data/processed/features_augmented/laryngozele/1205_1602_a_l_p5_0.npy,data\raw\laryngozele\1205\vowels\1205-a_l.nsp,laryngozele,0,1205,1602,a_l,m,47.0,1.0,train,"Z.B. linkes Taschenband, Stimmlippen o.B.; Stroboskopie o.B.",0,laryngozele
data/processed/features_augmented/laryngozele/1205_1602_iau_pm4_0.npy,data\raw\laryngozele\1205\vowels\1205-iau.nsp,laryngozele,0,1205,1602,iau,m,47.0,1.0,train,"Z.B. linkes Taschenband, Stimmlippen o.B.; Stroboskopie o.B.",0,laryngozele
data/processed/features_augmented/laryngozele/1205_1602_a_l_p10_0.npy,data\raw\laryngozele\1205\vowels\1205-a_l.nsp,laryngozele,0,1205,1602,a_l,m,47.0,1.0,train,"Z.B. linkes Taschenband, Stimmlippen o.B.; Stroboskopie o.B.",0,laryngozele
data\processed\features\vox_senilis\826_a_lhl.npy,data\raw\vox_senilis\826\vowels\826-a_lhl.nsp,vox_senilis,1,826,1438,a_lhl,w,78.9,6.484517304189436,train,Leicht ödematöse Stimmlippen,1,vox_senilis
data/processed/features_augmented/laryngozele/1205_1602_a_n_p2_0.npy,data\raw\laryngozele\1205\vowels\1205-a_n.nsp,laryngozele,0,1205,1602,a_n,m,47.0,1.0,train,"Z.B. linkes Taschenband, Stimmlippen o.B.; Stroboskopie o.B.",0,laryngozele
data/processed/features_augmented/laryngozele/1205_1602_i_l_pm4_0.npy,data\raw\laryngozele\1205\vowels\1205-i_l.nsp,laryngozele,0,1205,1602,i_l,m,47.0,1.0,train,"Z.B. linkes Taschenband, Stimmlippen o.B.; Stroboskopie o.B.",0,laryngozele
data\processed\features\vox_senilis\2564_i_n.npy,data\raw\vox_senilis\2564\vowels\2564-i_n.nsp,vox_senilis,1,2564,2007,i_n,w,61.8,6.484517304189436,train,"Kompensiert, alte",1,vox_senilis
data\processed\features\vox_senilis\2515_i_lhl.npy,data\raw\vox_senilis\2515\vowels\2515-i_lhl.nsp,vox_senilis,1,2515,2649,i_lhl,w,75.2,6.484517304189436,train,,1,vox_senilis
data/processed/features_augmented/laryngozele/1205_1602_a_lhl_pm2_0.npy,data\raw\laryngozele\1205\vowels\1205-a_lhl.nsp,laryngozele,0,1205,1602,a_lhl,m,47.0,1.0,train,"Z.B. linkes Taschenband, Stimmlippen o.B.; Stroboskopie o.B.",0,laryngozele
data\processed\features\vox_senilis\933_i_l.npy,data\raw\vox_senilis\933\vowels\933-i_l.nsp,vox_senilis,1,933,1525,i_l,w,79.7,6.484517304189436,train,Stimmlippenvarizen links,1,vox_senilis
data/processed/features_augmented/laryngozele/1205_1602_a_lhl_pm3_0.npy,data\raw\laryngozele\1205\vowels\1205-a_lhl.nsp,laryngozele,0,1205,1602,a_lhl,m,47.0,1.0,train,"Z.B. linkes Taschenband, Stimmlippen o.B.; Stroboskopie o.B.",0,laryngozele
data\processed\features\vox_senilis\2569_u_l.npy,data\raw\vox_senilis\2569\vowels\2569-u_l.nsp,vox_senilis,1,2569,2703,u_l,w,73.9,6.484517304189436,train,"Zustand nach Strumektomie, keine Rekurrensparese",1,vox_senilis
data\processed\features\vox_senilis\2569_a_l.npy,data\raw\vox_senilis\2569\vowels\2569-a_l.nsp,vox_senilis,1,2569,2703,a_l,w,73.9,6.484517304189436,train,"Zustand nach Strumektomie, keine Rekurrensparese",1,vox_senilis
data/processed/features_augmented/laryngozele/1205_1602_i_lhl_p11_5.npy,data\raw\laryngozele\1205\vowels\1205-i_lhl.nsp,laryngozele,0,1205,1602,i_lhl,m,47.0,1.0,train,"Z.B. linkes Taschenband, Stimmlippen o.B.; Stroboskopie o.B.",0,laryngozele
data/processed/features_augmented/laryngozele/1205_1602_i_h_p3_0.npy,data\raw\laryngozele\1205\vowels\1205-i_h.nsp,laryngozele,0,1205,1602,i_h,m,47.0,1.0,train,"Z.B. linkes Taschenband, Stimmlippen o.B.; Stroboskopie o.B.",0,laryngozele
data\processed\features\vox_senilis\2509_a_l.npy,data\raw\vox_senilis\2509\vowels\2509-a_l.nsp,vox_senilis,1,2509,2643,a_l,w,63.9,6.484517304189436,train,,1,vox_senilis
data\processed\features\vox_senilis\2307_u_h.npy,data\raw\vox_senilis\2307\vowels\2307-u_h.nsp,vox_senilis,1,2307,2441,u_h,w,76.0,6.484517304189436,train,,1,vox_senilis
data\processed\features\vox_senilis\846_iau.npy,data\raw\vox_senilis\846\vowels\846-iau.nsp,vox_senilis,1,846,1445,iau,w,68.7,6.484517304189436,train,Subglottale Cyste,1,vox_senilis
data\processed\features\vox_senilis\1159_i_n.npy,data\raw\vox_senilis\1159\vowels\1159-i_n.nsp,vox_senilis,1,1159,1445,i_n,w,69.1,6.484517304189436,train,Leichte subglottische Einengung,1,vox_senilis
data/processed/features_augmented/laryngozele/1205_1602_a_l_p0_0.npy,data\raw\laryngozele\1205\vowels\1205-a_l.nsp,laryngozele,0,1205,1602,a_l,m,47.0,1.0,train,"Z.B. linkes Taschenband, Stimmlippen o.B.; Stroboskopie o.B.",0,laryngozele
data/processed/features_augmented/laryngozele/1205_1602_a_n_p1_0.npy,data\raw\laryngozele\1205\vowels\1205-a_n.nsp,laryngozele,0,1205,1602,a_n,m,47.0,1.0,train,"Z.B. linkes Taschenband, Stimmlippen o.B.; Stroboskopie o.B.",0,laryngozele
data/processed/features_augmented/laryngozele/1205_1602_i_n_pm3_0.npy,data\raw\laryngozele\1205\vowels\1205-i_n.nsp,laryngozele,0,1205,1602,i_n,m,47.0,1.0,train,"Z.B. linkes Taschenband, Stimmlippen o.B.; Stroboskopie o.B.",0,laryngozele
data\processed\features\vox_senilis\2303_u_n.npy,data\raw\vox_senilis\2303\vowels\2303-u_n.nsp,vox_senilis,1,2303,2420,u_n,w,73.5,6.484517304189436,train,Zustand nach Abtragung des Polyps,1,vox_senilis
data\processed\features\vox_senilis\2421_i_n.npy,data\raw\vox_senilis\2421\vowels\2421-i_n.nsp,vox_senilis,1,2421,2555,i_n,w,87.6,6.484517304189436,train,,1,vox_senilis
data/processed/features_augmented/laryngozele/1205_1602_u_l_pm3_0.npy,data\raw\laryngozele\1205\vowels\1205-u_l.nsp,laryngozele,0,1205,1602,u_l,m,47.0,1.0,train,"Z.B. linkes Taschenband, Stimmlippen o.B.; Stroboskopie o.B.",0,laryngozele
data/processed/features_augmented/laryngozele/1205_1602_i_lhl_p3_0.npy,data\raw\laryngozele\1205\vowels\1205-i_lhl.nsp,laryngozele,0,1205,1602,i_lhl,m,47.0,1.0,train,"Z.B. linkes Taschenband, Stimmlippen o.B.; Stroboskopie o.B.",0,laryngozele
data\processed\features\vox_senilis\2596_u_lhl.npy,data\raw\vox_senilis\2596\vowels\2596-u_lhl.nsp,vox_senilis,1,2596,2336,u_lhl,w,64.2,6.484517304189436,train,"Funktionelle Dysphonie, Vox senilis beginnend",1,vox_senilis
data/processed/features_augmented/laryngozele/1205_1602_iau_p2_0.npy,data\raw\laryngozele\1205\vowels\1205-iau.nsp,laryngozele,0,1205,1602,iau,m,47.0,1.0,train,"Z.B. linkes Taschenband, Stimmlippen o.B.; Stroboskopie o.B.",0,laryngozele
data/processed/features_augmented/laryngozele/1205_1602_i_l_p3_0.npy,data\raw\laryngozele\1205\vowels\1205-i_l.nsp,laryngozele,0,1205,1602,i_l,m,47.0,1.0,train,"Z.B. linkes Taschenband, Stimmlippen o.B.; Stroboskopie o.B.",0,laryngozele
data/processed/features_augmented/laryngozele/1205_1602_i_lhl_p8_5.npy,data\raw\laryngozele\1205\vowels\1205-i_lhl.nsp,laryngozele,0,1205,1602,i_lhl,m,47.0,1.0,train,"Z.B. linkes Taschenband, Stimmlippen o.B.; Stroboskopie o.B.",0,laryngozele
data/processed/features_augmented/laryngozele/1205_1602_i_l_p0_0.npy,data\raw\laryngozele\1205\vowels\1205-i_l.nsp,laryngozele,0,1205,1602,i_l,m,47.0,1.0,train,"Z.B. linkes Taschenband, Stimmlippen o.B.; Stroboskopie o.B.",0,laryngozele
data\processed\features\vox_senilis\2097_u_h.npy,data\raw\vox_senilis\2097\vowels\2097-u_h.nsp,vox_senilis,1,2097,2283,u_h,w,30.7,6.484517304189436,train,Chron. Laryngitis,1,vox_senilis
data\processed\features\vox_senilis\2097_i_n.npy,data\raw\vox_senilis\2097\vowels\2097-i_n.nsp,vox_senilis,1,2097,2283,i_n,w,30.7,6.484517304189436,train,Chron. Laryngitis,1,vox_senilis
data/processed/features_augmented/laryngozele/1205_1602_i_n_p5_0.npy,data\raw\laryngozele\1205\vowels\1205-i_n.nsp,laryngozele,0,1205,1602,i_n,m,47.0,1.0,train,"Z.B. linkes Taschenband, Stimmlippen o.B.; Stroboskopie o.B.",0,laryngozele
data\processed\features\vox_senilis\1268_u_l.npy,data\raw\vox_senilis\1268\vowels\1268-u_l.nsp,vox_senilis,1,1268,1656,u_l,m,83.5,6.484517304189436,train,Mit Stimmschwäche,1,vox_senilis
data\processed\features\vox_senilis\2596_i_n.npy,data\raw\vox_senilis\2596\vowels\2596-i_n.nsp,vox_senilis,1,2596,2336,i_n,w,64.2,6.484517304189436,train,"Funktionelle Dysphonie, Vox senilis beginnend",1,vox_senilis
data/processed/features_augmented/laryngozele/1205_1602_i_lhl_pm3_0.npy,data\raw\laryngozele\1205\vowels\1205-i_lhl.nsp,laryngozele,0,1205,1602,i_lhl,m,47.0,1.0,train,"Z.B. linkes Taschenband, Stimmlippen o.B.; Stroboskopie o.B.",0,laryngozele
data/processed/features_augmented/laryngozele/1205_1602_u_h_p11_0.npy,data\raw\laryngozele\1205\vowels\1205-u_h.nsp,laryngozele,0,1205,1602,u_h,m,47.0,1.0,train,"Z.B. linkes Taschenband, Stimmlippen o.B.; Stroboskopie o.B.",0,laryngozele
data/processed/features_augmented/laryngozele/1205_1602_a_lhl_p2_0.npy,data\raw\laryngozele\1205\vowels\1205-a_lhl.nsp,laryngozele,0,1205,1602,a_lhl,m,47.0,1.0,train,"Z.B. linkes Taschenband, Stimmlippen o.B.; Stroboskopie o.B.",0,laryngozele
data/processed/features_augmented/laryngozele/1205_1602_u_n_pm2_0.npy,data\raw\laryngozele\1205\vowels\1205-u_n.nsp,laryngozele,0,1205,1602,u_n,m,47.0,1.0,train,"Z.B. linkes Taschenband, Stimmlippen o.B.; Stroboskopie o.B.",0,laryngozele
data\processed\features\vox_senilis\933_i_h.npy,data\raw\vox_senilis\933\vowels\933-i_h.nsp,vox_senilis,1,933,1525,i_h,w,79.7,6.484517304189436,train,Stimmlippenvarizen links,1,vox_senilis
data\processed\features\vox_senilis\2596_i_lhl.npy,data\raw\vox_senilis\2596\vowels\2596-i_lhl.nsp,vox_senilis,1,2596,2336,i_lhl,w,64.2,6.484517304189436,train,"Funktionelle Dysphonie, Vox senilis beginnend",1,vox_senilis
data\processed\features\vox_senilis\1478_phrase.npy,data\raw\vox_senilis\1478\sentences\1478-phrase.nsp,vox_senilis,1,1478,1826,phrase,m,77.3,6.484517304189436,train,"Links, nach Strumektomie bei beginnender vox senilis",1,vox_senilis
data\processed\features\vox_senilis\826_u_lhl.npy,data\raw\vox_senilis\826\vowels\826-u_lhl.nsp,vox_senilis,1,826,1438,u_lhl,w,78.9,6.484517304189436,train,Leicht ödematöse Stimmlippen,1,vox_senilis
data/processed/features_augmented/laryngozele/1205_1602_u_lhl_p7_5.npy,data\raw\laryngozele\1205\vowels\1205-u_lhl.nsp,laryngozele,0,1205,1602,u_lhl,m,47.0,1.0,train,"Z.B. linkes Taschenband, Stimmlippen o.B.; Stroboskopie o.B.",0,laryngozele
data\processed\features\vox_senilis\1338_i_n.npy,data\raw\vox_senilis\1338\vowels\1338-i_n.nsp,vox_senilis,1,1338,1720,i_n,m,89.0,6.484517304189436,train,"Massive Form mit breiter Excavation, Subglottisches Chondrom",1,vox_senilis
data/processed/features_augmented/laryngozele/1205_1602_phrase_p4_0.npy,data\raw\laryngozele\1205\sentences\1205-phrase.nsp,laryngozele,0,1205,1602,phrase,m,47.0,1.0,train,"Z.B. linkes Taschenband, Stimmlippen o.B.; Stroboskopie o.B.",0,laryngozele
data\processed\features\vox_senilis\2515_i_l.npy,data\raw\vox_senilis\2515\vowels\2515-i_l.nsp,vox_senilis,1,2515,2649,i_l,w,75.2,6.484517304189436,train,,1,vox_senilis
data\processed\features\vox_senilis\2121_a_n.npy,data\raw\vox_senilis\2121\vowels\2121-a_n.nsp,vox_senilis,1,2121,2310,a_n,w,69.0,6.484517304189436,train,,1,vox_senilis
data\processed\features\vox_senilis\1268_a_l.npy,data\raw\vox_senilis\1268\vowels\1268-a_l.nsp,vox_senilis,1,1268,1656,a_l,m,83.5,6.484517304189436,train,Mit Stimmschwäche,1,vox_senilis
data/processed/features_augmented/laryngozele/1205_1602_a_l_pm4_0.npy,data\raw\laryngozele\1205\vowels\1205-a_l.nsp,laryngozele,0,1205,1602,a_l,m,47.0,1.0,train,"Z.B. linkes Taschenband, Stimmlippen o.B.; Stroboskopie o.B.",0,laryngozele
data\processed\features\vox_senilis\899_u_l.npy,data\raw\vox_senilis\899\vowels\899-u_l.nsp,vox_senilis,1,899,1491,u_l,m,85.0,6.484517304189436,train,Differentialdiagnose: eventuell alte Schädigung des Arygelenks rechts,1,vox_senilis
data\processed\features\vox_senilis\1338_a_n.npy,data\raw\vox_senilis\1338\vowels\1338-a_n.nsp,vox_senilis,1,1338,1720,a_n,m,89.0,6.484517304189436,train,"Massive Form mit breiter Excavation, Subglottisches Chondrom",1,vox_senilis
data/processed/features_augmented/laryngozele/1205_1602_phrase_p2_0.npy,data\raw\laryngozele\1205\sentences\1205-phrase.nsp,laryngozele,0,1205,1602,phrase,m,47.0,1.0,train,"Z.B. linkes Taschenband, Stimmlippen o.B.; Stroboskopie o.B.",0,laryngozele
data/processed/features_augmented/laryngozele/1205_1602_iau_p5_0.npy,data\raw\laryngozele\1205\vowels\1205-iau.nsp,laryngozele,0,1205,1602,iau,m,47.0,1.0,train,"Z.B. linkes Taschenband, Stimmlippen o.B.; Stroboskopie o.B.",0,laryngozele
data\processed\features\vox_senilis\846_i_n.npy,data\raw\vox_senilis\846\vowels\846-i_n.nsp,vox_senilis,1,846,1445,i_n,w,68.7,6.484517304189436,train,Subglottale Cyste,1,vox_senilis
data/processed/features_augmented/laryngozele/1205_1602_a_n_p5_0.npy,data\raw\laryngozele\1205\vowels\1205-a_n.nsp,laryngozele,0,1205,1602,a_n,m,47.0,1.0,train,"Z.B. linkes Taschenband, Stimmlippen o.B.; Stroboskopie o.B.",0,laryngozele
data/processed/features_augmented/laryngozele/1205_1602_a_h_pm1_0.npy,data\raw\laryngozele\1205\vowels\1205-a_h.nsp,laryngozele,0,1205,1602,a_h,m,47.0,1.0,train,"Z.B. linkes Taschenband, Stimmlippen o.B.; Stroboskopie o.B.",0,laryngozele
data\processed\features\vox_senilis\360_phrase.npy,data\raw\vox_senilis\360\sentences\360-phrase.nsp,vox_senilis,1,360,1347,phrase,w,75.5,6.484517304189436,train,"Beginnnende vox senilis, auffälliges voice onset",1,vox_senilis
data/processed/features_augmented/laryngozele/1205_1602_i_h_p2_0.npy,data\raw\laryngozele\1205\vowels\1205-i_h.nsp,laryngozele,0,1205,1602,i_h,m,47.0,1.0,train,"Z.B. linkes Taschenband, Stimmlippen o.B.; Stroboskopie o.B.",0,laryngozele
data/processed/features_augmented/laryngozele/1205_1602_i_lhl_pm2_0.npy,data\raw\laryngozele\1205\vowels\1205-i_lhl.nsp,laryngozele,0,1205,1602,i_lhl,m,47.0,1.0,train,"Z.B. linkes Taschenband, Stimmlippen o.B.; Stroboskopie o.B.",0,laryngozele
data/processed/features_augmented/laryngozele/1205_1602_i_n_p6_0.npy,data\raw\laryngozele\1205\vowels\1205-i_n.nsp,laryngozele,0,1205,1602,i_n,m,47.0,1.0,train,"Z.B. linkes Taschenband, Stimmlippen o.B.; Stroboskopie o.B.",0,laryngozele
data/processed/features_augmented/laryngozele/1205_1602_phrase_p13_0.npy,data\raw\laryngozele\1205\sentences\1205-phrase.nsp,laryngozele,0,1205,1602,phrase,m,47.0,1.0,train,"Z.B. linkes Taschenband, Stimmlippen o.B.; Stroboskopie o.B.",0,laryngozele
data\processed\features\vox_senilis\2307_a_lhl.npy,data\raw\vox_senilis\2307\vowels\2307-a_lhl.nsp,vox_senilis,1,2307,2441,a_lhl,w,76.0,6.484517304189436,train,,1,vox_senilis
data/processed/features_augmented/laryngozele/1205_1602_u_l_p3_0.npy,data\raw\laryngozele\1205\vowels\1205-u_l.nsp,laryngozele,0,1205,1602,u_l,m,47.0,1.0,train,"Z.B. linkes Taschenband, Stimmlippen o.B.; Stroboskopie o.B.",0,laryngozele
data/processed/features_augmented/laryngozele/1205_1602_phrase_p7_5.npy,data\raw\laryngozele\1205\sentences\1205-phrase.nsp,laryngozele,0,1205,1602,phrase,m,47.0,1.0,train,"Z.B. linkes Taschenband, Stimmlippen o.B.; Stroboskopie o.B.",0,laryngozele
data\processed\features\vox_senilis\933_a_h.npy,data\raw\vox_senilis\933\vowels\933-a_h.nsp,vox_senilis,1,933,1525,a_h,w,79.7,6.484517304189436,train,Stimmlippenvarizen links,1,vox_senilis
data/processed/features_augmented/laryngozele/1205_1602_u_h_pm4_0.npy,data\raw\laryngozele\1205\vowels\1205-u_h.nsp,laryngozele,0,1205,1602,u_h,m,47.0,1.0,train,"Z.B. linkes Taschenband, Stimmlippen o.B.; Stroboskopie o.B.",0,laryngozele
data/processed/features_augmented/laryngozele/1205_1602_a_h_p1_0.npy,data\raw\laryngozele\1205\vowels\1205-a_h.nsp,laryngozele,0,1205,1602,a_h,m,47.0,1.0,train,"Z.B. linkes Taschenband, Stimmlippen o.B.; Stroboskopie o.B.",0,laryngozele
data/processed/features_augmented/laryngozele/1205_1602_a_h_p0_0.npy,data\raw\laryngozele\1205\vowels\1205-a_h.nsp,laryngozele,0,1205,1602,a_h,m,47.0,1.0,train,"Z.B. linkes Taschenband, Stimmlippen o.B.; Stroboskopie o.B.",0,laryngozele
data\processed\features\vox_senilis\2377_a_l.npy,data\raw\vox_senilis\2377\vowels\2377-a_l.nsp,vox_senilis,1,2377,2511,a_l,m,67.4,6.484517304189436,train,,1,vox_senilis
data/processed/features_augmented/laryngozele/1205_1602_a_h_p11_0.npy,data\raw\laryngozele\1205\vowels\1205-a_h.nsp,laryngozele,0,1205,1602,a_h,m,47.0,1.0,train,"Z.B. linkes Taschenband, Stimmlippen o.B.; Stroboskopie o.B.",0,laryngozele
data\processed\features\vox_senilis\1268_a_h.npy,data\raw\vox_senilis\1268\vowels\1268-a_h.nsp,vox_senilis,1,1268,1656,a_h,m,83.5,6.484517304189436,train,Mit Stimmschwäche,1,vox_senilis
data\processed\features\vox_senilis\1819_a_n.npy,data\raw\vox_senilis\1819\vowels\1819-a_n.nsp,vox_senilis,1,1819,2084,a_n,m,66.6,6.484517304189436,train,Ohne Reflux,1,vox_senilis
data/processed/features_augmented/laryngozele/1205_1602_a_lhl_p13_0.npy,data\raw\laryngozele\1205\vowels\1205-a_lhl.nsp,laryngozele,0,1205,1602,a_lhl,m,47.0,1.0,train,"Z.B. linkes Taschenband, Stimmlippen o.B.; Stroboskopie o.B.",0,laryngozele
data/processed/features_augmented/laryngozele/1205_1602_i_l_p11_0.npy,data\raw\laryngozele\1205\vowels\1205-i_l.nsp,laryngozele,0,1205,1602,i_l,m,47.0,1.0,train,"Z.B. linkes Taschenband, Stimmlippen o.B.; Stroboskopie o.B.",0,laryngozele
data/processed/features_augmented/laryngozele/1205_1602_iau_p13_0.npy,data\raw\laryngozele\1205\vowels\1205-iau.nsp,laryngozele,0,1205,1602,iau,m,47.0,1.0,train,"Z.B. linkes Taschenband, Stimmlippen o.B.; Stroboskopie o.B.",0,laryngozele
data/processed/features_augmented/laryngozele/1205_1602_a_h_p9_5.npy,data\raw\laryngozele\1205\vowels\1205-a_h.nsp,laryngozele,0,1205,1602,a_h,m,47.0,1.0,train,"Z.B. linkes Taschenband, Stimmlippen o.B.; Stroboskopie o.B.",0,laryngozele
data\processed\features\vox_senilis\1220_u_lhl.npy,data\raw\vox_senilis\1220\vowels\1220-u_lhl.nsp,vox_senilis,1,1220,1608,u_lhl,m,76.7,6.484517304189436,train,Vox senilis,1,vox_senilis
data/processed/features_augmented/laryngozele/1205_1602_i_h_pm3_0.npy,data\raw\laryngozele\1205\vowels\1205-i_h.nsp,laryngozele,0,1205,1602,i_h,m,47.0,1.0,train,"Z.B. linkes Taschenband, Stimmlippen o.B.; Stroboskopie o.B.",0,laryngozele
data\processed\features\vox_senilis\1819_u_h.npy,data\raw\vox_senilis\1819\vowels\1819-u_h.nsp,vox_senilis,1,1819,2084,u_h,m,66.6,6.484517304189436,train,Ohne Reflux,1,vox_senilis
data/processed/features_augmented/laryngozele/1205_1602_phrase_pm1_0.npy,data\raw\laryngozele\1205\sentences\1205-phrase.nsp,laryngozele,0,1205,1602,phrase,m,47.0,1.0,train,"Z.B. linkes Taschenband, Stimmlippen o.B.; Stroboskopie o.B.",0,laryngozele
data\processed\features\vox_senilis\2307_phrase.npy,data\raw\vox_senilis\2307\sentences\2307-phrase.nsp,vox_senilis,1,2307,2441,phrase,w,76.0,6.484517304189436,train,,1,vox_senilis
data\processed\features\vox_senilis\2596_iau.npy,data\raw\vox_senilis\2596\vowels\2596-iau.nsp,vox_senilis,1,2596,2336,iau,w,64.2,6.484517304189436,train,"Funktionelle Dysphonie, Vox senilis beginnend",1,vox_senilis
data\processed\features\vox_senilis\2421_a_h.npy,data\raw\vox_senilis\2421\vowels\2421-a_h.nsp,vox_senilis,1,2421,2555,a_h,w,87.6,6.484517304189436,train,,1,vox_senilis
data\processed\features\vox_senilis\2303_u_h.npy,data\raw\vox_senilis\2303\vowels\2303-u_h.nsp,vox_senilis,1,2303,2420,u_h,w,73.5,6.484517304189436,train,Zustand nach Abtragung des Polyps,1,vox_senilis
data/processed/features_augmented/laryngozele/1205_1602_a_l_p1_0.npy,data\raw\laryngozele\1205\vowels\1205-a_l.nsp,laryngozele,0,1205,1602,a_l,m,47.0,1.0,train,"Z.B. linkes Taschenband, Stimmlippen o.B.; Stroboskopie o.B.",0,laryngozele
data\processed\features\vox_senilis\2515_a_n.npy,data\raw\vox_senilis\2515\vowels\2515-a_n.nsp,vox_senilis,1,2515,2649,a_n,w,75.2,6.484517304189436,train,,1,vox_senilis
data\processed\features\vox_senilis\1819_iau.npy,data\raw\vox_senilis\1819\vowels\1819-iau.nsp,vox_senilis,1,1819,2084,iau,m,66.6,6.484517304189436,train,Ohne Reflux,1,vox_senilis
data/processed/features_augmented/laryngozele/1205_1602_u_lhl_pm3_0.npy,data\raw\laryngozele\1205\vowels\1205-u_lhl.nsp,laryngozele,0,1205,1602,u_lhl,m,47.0,1.0,train,"Z.B. linkes Taschenband, Stimmlippen o.B.; Stroboskopie o.B.",0,laryngozele
data/processed/features_augmented/laryngozele/1205_1602_u_h_p0_0.npy,data\raw\laryngozele\1205\vowels\1205-u_h.nsp,laryngozele,0,1205,1602,u_h,m,47.0,1.0,train,"Z.B. linkes Taschenband, Stimmlippen o.B.; Stroboskopie o.B.",0,laryngozele
data/processed/features_augmented/laryngozele/1205_1602_u_h_p4_0.npy,data\raw\laryngozele\1205\vowels\1205-u_h.nsp,laryngozele,0,1205,1602,u_h,m,47.0,1.0,train,"Z.B. linkes Taschenband, Stimmlippen o.B.; Stroboskopie o.B.",0,laryngozele
data/processed/features_augmented/laryngozele/1205_1602_a_l_pm2_0.npy,data\raw\laryngozele\1205\vowels\1205-a_l.nsp,laryngozele,0,1205,1602,a_l,m,47.0,1.0,train,"Z.B. linkes Taschenband, Stimmlippen o.B.; Stroboskopie o.B.",0,laryngozele
data\processed\features\vox_senilis\2003_i_n.npy,data\raw\vox_senilis\2003\vowels\2003-i_n.nsp,vox_senilis,1,2003,2212,i_n,m,77.6,6.484517304189436,train,Laryngitis subglottisch,1,vox_senilis
data\processed\features\vox_senilis\2564_u_lhl.npy,data\raw\vox_senilis\2564\vowels\2564-u_lhl.nsp,vox_senilis,1,2564,2007,u_lhl,w,61.8,6.484517304189436,train,"Kompensiert, alte",1,vox_senilis
data/processed/features_augmented/laryngozele/1205_1602_a_l_p8_0.npy,data\raw\laryngozele\1205\vowels\1205-a_l.nsp,laryngozele,0,1205,1602,a_l,m,47.0,1.0,train,"Z.B. linkes Taschenband, Stimmlippen o.B.; Stroboskopie o.B.",0,laryngozele
data\processed\features\vox_senilis\1478_u_l.npy,data\raw\vox_senilis\1478\vowels\1478-u_l.nsp,vox_senilis,1,1478,1826,u_l,m,77.3,6.484517304189436,train,"Links, nach Strumektomie bei beginnender vox senilis",1,vox_senilis
data\processed\features\vox_senilis\2319_i_n.npy,data\raw\vox_senilis\2319\vowels\2319-i_n.nsp,vox_senilis,1,2319,2453,i_n,m,81.2,6.484517304189436,train,Vox senilis,1,vox_senilis
data/processed/features_augmented/laryngozele/1205_1602_phrase_p10_0.npy,data\raw\laryngozele\1205\sentences\1205-phrase.nsp,laryngozele,0,1205,1602,phrase,m,47.0,1.0,train,"Z.B. linkes Taschenband, Stimmlippen o.B.; Stroboskopie o.B.",0,laryngozele
data/processed/features_augmented/laryngozele/1205_1602_iau_p0_0.npy,data\raw\laryngozele\1205\vowels\1205-iau.nsp,laryngozele,0,1205,1602,iau,m,47.0,1.0,train,"Z.B. linkes Taschenband, Stimmlippen o.B.; Stroboskopie o.B.",0,laryngozele
data\processed\features\vox_senilis\1203_i_n.npy,data\raw\vox_senilis\1203\vowels\1203-i_n.nsp,vox_senilis,1,1203,1600,i_n,w,61.1,6.484517304189436,train,Leicht,1,vox_senilis
data\processed\features\vox_senilis\2003_u_l.npy,data\raw\vox_senilis\2003\vowels\2003-u_l.nsp,vox_senilis,1,2003,2212,u_l,m,77.6,6.484517304189436,train,Laryngitis subglottisch,1,vox_senilis
data\processed\features\vox_senilis\1338_phrase.npy,data\raw\vox_senilis\1338\sentences\1338-phrase.nsp,vox_senilis,1,1338,1720,phrase,m,89.0,6.484517304189436,train,"Massive Form mit breiter Excavation, Subglottisches Chondrom",1,vox_senilis
data/processed/features_augmented/laryngozele/1205_1602_i_n_p5_5.npy,data\raw\laryngozele\1205\vowels\1205-i_n.nsp,laryngozele,0,1205,1602,i_n,m,47.0,1.0,train,"Z.B. linkes Taschenband, Stimmlippen o.B.; Stroboskopie o.B.",0,laryngozele
data/processed/features_augmented/laryngozele/1205_1602_i_h_p4_0.npy,data\raw\laryngozele\1205\vowels\1205-i_h.nsp,laryngozele,0,1205,1602,i_h,m,47.0,1.0,train,"Z.B. linkes Taschenband, Stimmlippen o.B.; Stroboskopie o.B.",0,laryngozele
data\processed\features\vox_senilis\826_a_l.npy,data\raw\vox_senilis\826\vowels\826-a_l.nsp,vox_senilis,1,826,1438,a_l,w,78.9,6.484517304189436,train,Leicht ödematöse Stimmlippen,1,vox_senilis
data\processed\features\vox_senilis\2303_a_l.npy,data\raw\vox_senilis\2303\vowels\2303-a_l.nsp,vox_senilis,1,2303,2420,a_l,w,73.5,6.484517304189436,train,Zustand nach Abtragung des Polyps,1,vox_senilis
data/processed/features_augmented/laryngozele/1205_1602_a_l_pm3_0.npy,data\raw\laryngozele\1205\vowels\1205-a_l.nsp,laryngozele,0,1205,1602,a_l,m,47.0,1.0,train,"Z.B. linkes Taschenband, Stimmlippen o.B.; Stroboskopie o.B.",0,laryngozele
data/processed/features_augmented/laryngozele/1205_1602_i_lhl_p4_0.npy,data\raw\laryngozele\1205\vowels\1205-i_lhl.nsp,laryngozele,0,1205,1602,i_lhl,m,47.0,1.0,train,"Z.B. linkes Taschenband, Stimmlippen o.B.; Stroboskopie o.B.",0,laryngozele
data\processed\features\vox_senilis\2377_u_n.npy,data\raw\vox_senilis\2377\vowels\2377-u_n.nsp,vox_senilis,1,2377,2511,u_n,m,67.4,6.484517304189436,train,,1,vox_senilis
data\processed\features\vox_senilis\2509_u_l.npy,data\raw\vox_senilis\2509\vowels\2509-u_l.nsp,vox_senilis,1,2509,2643,u_l,w,63.9,6.484517304189436,train,,1,vox_senilis
data/processed/features_augmented/laryngozele/1205_1602_a_n_p14_0.npy,data\raw\laryngozele\1205\vowels\1205-a_n.nsp,laryngozele,0,1205,1602,a_n,m,47.0,1.0,train,"Z.B. linkes Taschenband, Stimmlippen o.B.; Stroboskopie o.B.",0,laryngozele
data\processed\features\vox_senilis\2569_iau.npy,data\raw\vox_senilis\2569\vowels\2569-iau.nsp,vox_senilis,1,2569,2703,iau,w,73.9,6.484517304189436,train,"Zustand nach Strumektomie, keine Rekurrensparese",1,vox_senilis
data\processed\features\vox_senilis\2307_a_n.npy,data\raw\vox_senilis\2307\vowels\2307-a_n.nsp,vox_senilis,1,2307,2441,a_n,w,76.0,6.484517304189436,train,,1,vox_senilis
data\processed\features\vox_senilis\2303_u_lhl.npy,data\raw\vox_senilis\2303\vowels\2303-u_lhl.nsp,vox_senilis,1,2303,2420,u_lhl,w,73.5,6.484517304189436,train,Zustand nach Abtragung des Polyps,1,vox_senilis
data\processed\features\vox_senilis\360_a_lhl.npy,data\raw\vox_senilis\360\vowels\360-a_lhl.nsp,vox_senilis,1,360,1347,a_lhl,w,75.5,6.484517304189436,train,"Beginnnende vox senilis, auffälliges voice onset",1,vox_senilis
data/processed/features_augmented/laryngozele/1205_1602_u_h_pm1_0.npy,data\raw\laryngozele\1205\vowels\1205-u_h.nsp,laryngozele,0,1205,1602,u_h,m,47.0,1.0,train,"Z.B. linkes Taschenband, Stimmlippen o.B.; Stroboskopie o.B.",0,laryngozele
data\processed\features\vox_senilis\2601_phrase.npy,data\raw\vox_senilis\2601\sentences\2601-phrase.nsp,vox_senilis,1,2601,2727,phrase,w,64.7,6.484517304189436,train,,1,vox_senilis
data/processed/features_augmented/laryngozele/1205_1602_a_lhl_p4_0.npy,data\raw\laryngozele\1205\vowels\1205-a_lhl.nsp,laryngozele,0,1205,1602,a_lhl,m,47.0,1.0,train,"Z.B. linkes Taschenband, Stimmlippen o.B.; Stroboskopie o.B.",0,laryngozele
data/processed/features_augmented/laryngozele/1205_1602_u_l_p7_5.npy,data\raw\laryngozele\1205\vowels\1205-u_l.nsp,laryngozele,0,1205,1602,u_l,m,47.0,1.0,train,"Z.B. linkes Taschenband, Stimmlippen o.B.; Stroboskopie o.B.",0,laryngozele
data\processed\features\vox_senilis\2097_i_h.npy,data\raw\vox_senilis\2097\vowels\2097-i_h.nsp,vox_senilis,1,2097,2283,i_h,w,30.7,6.484517304189436,train,Chron. Laryngitis,1,vox_senilis
data/processed/features_augmented/laryngozele/1205_1602_u_lhl_pm4_0.npy,data\raw\laryngozele\1205\vowels\1205-u_lhl.nsp,laryngozele,0,1205,1602,u_lhl,m,47.0,1.0,train,"Z.B. linkes Taschenband, Stimmlippen o.B.; Stroboskopie o.B.",0,laryngozele
data/processed/features_augmented/laryngozele/1205_1602_a_h_pm3_0.npy,data\raw\laryngozele\1205\vowels\1205-a_h.nsp,laryngozele,0,1205,1602,a_h,m,47.0,1.0,train,"Z.B. linkes Taschenband, Stimmlippen o.B.; Stroboskopie o.B.",0,laryngozele
data/processed/features_augmented/laryngozele/1205_1602_a_n_p3_0.npy,data\raw\laryngozele\1205\vowels\1205-a_n.nsp,laryngozele,0,1205,1602,a_n,m,47.0,1.0,train,"Z.B. linkes Taschenband, Stimmlippen o.B.; Stroboskopie o.B.",0,laryngozele
data\processed\features\vox_senilis\360_i_lhl.npy,data\raw\vox_senilis\360\vowels\360-i_lhl.nsp,vox_senilis,1,360,1347,i_lhl,w,75.5,6.484517304189436,train,"Beginnnende vox senilis, auffälliges voice onset",1,vox_senilis
data/processed/features_augmented/laryngozele/1205_1602_u_h_p8_5.npy,data\raw\laryngozele\1205\vowels\1205-u_h.nsp,laryngozele,0,1205,1602,u_h,m,47.0,1.0,train,"Z.B. linkes Taschenband, Stimmlippen o.B.; Stroboskopie o.B.",0,laryngozele
data\processed\features\vox_senilis\2303_iau.npy,data\raw\vox_senilis\2303\vowels\2303-iau.nsp,vox_senilis,1,2303,2420,iau,w,73.5,6.484517304189436,train,Zustand nach Abtragung des Polyps,1,vox_senilis
data/processed/features_augmented/laryngozele/1205_1602_u_h_p9_5.npy,data\raw\laryngozele\1205\vowels\1205-u_h.nsp,laryngozele,0,1205,1602,u_h,m,47.0,1.0,train,"Z.B. linkes Taschenband, Stimmlippen o.B.; Stroboskopie o.B.",0,laryngozele
data/processed/features_augmented/laryngozele/1205_1602_a_h_p10_0.npy,data\raw\laryngozele\1205\vowels\1205-a_h.nsp,laryngozele,0,1205,1602,a_h,m,47.0,1.0,train,"Z.B. linkes Taschenband, Stimmlippen o.B.; Stroboskopie o.B.",0,laryngozele
data/processed/features_augmented/laryngozele/1205_1602_u_n_p3_0.npy,data\raw\laryngozele\1205\vowels\1205-u_n.nsp,laryngozele,0,1205,1602,u_n,m,47.0,1.0,train,"Z.B. linkes Taschenband, Stimmlippen o.B.; Stroboskopie o.B.",0,laryngozele
data\processed\features\vox_senilis\2421_u_n.npy,data\raw\vox_senilis\2421\vowels\2421-u_n.nsp,vox_senilis,1,2421,2555,u_n,w,87.6,6.484517304189436,train,,1,vox_senilis
data/processed/features_augmented/laryngozele/1205_1602_a_h_p11_5.npy,data\raw\laryngozele\1205\vowels\1205-a_h.nsp,laryngozele,0,1205,1602,a_h,m,47.0,1.0,train,"Z.B. linkes Taschenband, Stimmlippen o.B.; Stroboskopie o.B.",0,laryngozele
data\processed\features\vox_senilis\1268_iau.npy,data\raw\vox_senilis\1268\vowels\1268-iau.nsp,vox_senilis,1,1268,1656,iau,m,83.5,6.484517304189436,train,Mit Stimmschwäche,1,vox_senilis
data\processed\features\vox_senilis\360_u_lhl.npy,data\raw\vox_senilis\360\vowels\360-u_lhl.nsp,vox_senilis,1,360,1347,u_lhl,w,75.5,6.484517304189436,train,"Beginnnende vox senilis, auffälliges voice onset",1,vox_senilis
data/processed/features_augmented/laryngozele/1205_1602_i_h_p11_5.npy,data\raw\laryngozele\1205\vowels\1205-i_h.nsp,laryngozele,0,1205,1602,i_h,m,47.0,1.0,train,"Z.B. linkes Taschenband, Stimmlippen o.B.; Stroboskopie o.B.",0,laryngozele
data/processed/features_augmented/laryngozele/1205_1602_i_l_p11_5.npy,data\raw\laryngozele\1205\vowels\1205-i_l.nsp,laryngozele,0,1205,1602,i_l,m,47.0,1.0,train,"Z.B. linkes Taschenband, Stimmlippen o.B.; Stroboskopie o.B.",0,laryngozele
data\processed\features\vox_senilis\899_i_h.npy,data\raw\vox_senilis\899\vowels\899-i_h.nsp,vox_senilis,1,899,1491,i_h,m,85.0,6.484517304189436,train,Differentialdiagnose: eventuell alte Schädigung des Arygelenks rechts,1,vox_senilis
data/processed/features_augmented/laryngozele/1205_1602_i_n_p8_5.npy,data\raw\laryngozele\1205\vowels\1205-i_n.nsp,laryngozele,0,1205,1602,i_n,m,47.0,1.0,train,"Z.B. linkes Taschenband, Stimmlippen o.B.; Stroboskopie o.B.",0,laryngozele
data/processed/features_augmented/laryngozele/1205_1602_i_h_p14_0.npy,data\raw\laryngozele\1205\vowels\1205-i_h.nsp,laryngozele,0,1205,1602,i_h,m,47.0,1.0,train,"Z.B. linkes Taschenband, Stimmlippen o.B.; Stroboskopie o.B.",0,laryngozele
data/processed/features_augmented/laryngozele/1205_1602_a_n_p10_5.npy,data\raw\laryngozele\1205\vowels\1205-a_n.nsp,laryngozele,0,1205,1602,a_n,m,47.0,1.0,train,"Z.B. linkes Taschenband, Stimmlippen o.B.; Stroboskopie o.B.",0,laryngozele
data\processed\features\vox_senilis\2303_i_n.npy,data\raw\vox_senilis\2303\vowels\2303-i_n.nsp,vox_senilis,1,2303,2420,i_n,w,73.5,6.484517304189436,train,Zustand nach Abtragung des Polyps,1,vox_senilis
data/processed/features_augmented/laryngozele/1205_1602_phrase_p9_5.npy,data\raw\laryngozele\1205\sentences\1205-phrase.nsp,laryngozele,0,1205,1602,phrase,m,47.0,1.0,train,"Z.B. linkes Taschenband, Stimmlippen o.B.; Stroboskopie o.B.",0,laryngozele
data/processed/features_augmented/laryngozele/1205_1602_i_n_p7_5.npy,data\raw\laryngozele\1205\vowels\1205-i_n.nsp,laryngozele,0,1205,1602,i_n,m,47.0,1.0,train,"Z.B. linkes Taschenband, Stimmlippen o.B.; Stroboskopie o.B.",0,laryngozele
data/processed/features_augmented/laryngozele/1205_1602_a_lhl_p0_0.npy,data\raw\laryngozele\1205\vowels\1205-a_lhl.nsp,laryngozele,0,1205,1602,a_lhl,m,47.0,1.0,train,"Z.B. linkes Taschenband, Stimmlippen o.B.; Stroboskopie o.B.",0,laryngozele
data\processed\features\vox_senilis\2601_u_h.npy,data\raw\vox_senilis\2601\vowels\2601-u_h.nsp,vox_senilis,1,2601,2727,u_h,w,64.7,6.484517304189436,train,,1,vox_senilis
data/processed/features_augmented/laryngozele/1205_1602_a_h_p8_0.npy,data\raw\laryngozele\1205\vowels\1205-a_h.nsp,laryngozele,0,1205,1602,a_h,m,47.0,1.0,train,"Z.B. linkes Taschenband, Stimmlippen o.B.; Stroboskopie o.B.",0,laryngozele
data\processed\features\vox_senilis\2097_a_h.npy,data\raw\vox_senilis\2097\vowels\2097-a_h.nsp,vox_senilis,1,2097,2283,a_h,w,30.7,6.484517304189436,train,Chron. Laryngitis,1,vox_senilis
data\processed\features\vox_senilis\2121_a_l.npy,data\raw\vox_senilis\2121\vowels\2121-a_l.nsp,vox_senilis,1,2121,2310,a_l,w,69.0,6.484517304189436,train,,1,vox_senilis
data/processed/features_augmented/laryngozele/1205_1602_i_n_p7_0.npy,data\raw\laryngozele\1205\vowels\1205-i_n.nsp,laryngozele,0,1205,1602,i_n,m,47.0,1.0,train,"Z.B. linkes Taschenband, Stimmlippen o.B.; Stroboskopie o.B.",0,laryngozele
data\processed\features\vox_senilis\1203_i_h.npy,data\raw\vox_senilis\1203\vowels\1203-i_h.nsp,vox_senilis,1,1203,1600,i_h,w,61.1,6.484517304189436,train,Leicht,1,vox_senilis
data/processed/features_augmented/laryngozele/1205_1602_a_lhl_p8_0.npy,data\raw\laryngozele\1205\vowels\1205-a_lhl.nsp,laryngozele,0,1205,1602,a_lhl,m,47.0,1.0,train,"Z.B. linkes Taschenband, Stimmlippen o.B.; Stroboskopie o.B.",0,laryngozele
data/processed/features_augmented/laryngozele/1205_1602_u_l_p10_5.npy,data\raw\laryngozele\1205\vowels\1205-u_l.nsp,laryngozele,0,1205,1602,u_l,m,47.0,1.0,train,"Z.B. linkes Taschenband, Stimmlippen o.B.; Stroboskopie o.B.",0,laryngozele
data/processed/features_augmented/laryngozele/1205_1602_i_n_p8_0.npy,data\raw\laryngozele\1205\vowels\1205-i_n.nsp,laryngozele,0,1205,1602,i_n,m,47.0,1.0,train,"Z.B. linkes Taschenband, Stimmlippen o.B.; Stroboskopie o.B.",0,laryngozele
data\processed\features\vox_senilis\826_i_l.npy,data\raw\vox_senilis\826\vowels\826-i_l.nsp,vox_senilis,1,826,1438,i_l,w,78.9,6.484517304189436,train,Leicht ödematöse Stimmlippen,1,vox_senilis
data/processed/features_augmented/laryngozele/1205_1602_phrase_p11_5.npy,data\raw\laryngozele\1205\sentences\1205-phrase.nsp,laryngozele,0,1205,1602,phrase,m,47.0,1.0,train,"Z.B. linkes Taschenband, Stimmlippen o.B.; Stroboskopie o.B.",0,laryngozele
data/processed/features_augmented/laryngozele/1205_1602_i_n_p10_0.npy,data\raw\laryngozele\1205\vowels\1205-i_n.nsp,laryngozele,0,1205,1602,i_n,m,47.0,1.0,train,"Z.B. linkes Taschenband, Stimmlippen o.B.; Stroboskopie o.B.",0,laryngozele
data\processed\features\vox_senilis\846_a_n.npy,data\raw\vox_senilis\846\vowels\846-a_n.nsp,vox_senilis,1,846,1445,a_n,w,68.7,6.484517304189436,train,Subglottale Cyste,1,vox_senilis
data\processed\features\vox_senilis\1338_i_lhl.npy,data\raw\vox_senilis\1338\vowels\1338-i_lhl.nsp,vox_senilis,1,1338,1720,i_lhl,m,89.0,6.484517304189436,train,"Massive Form mit breiter Excavation, Subglottisches Chondrom",1,vox_senilis
data/processed/features_augmented/laryngozele/1205_1602_i_n_pm4_0.npy,data\raw\laryngozele\1205\vowels\1205-i_n.nsp,laryngozele,0,1205,1602,i_n,m,47.0,1.0,train,"Z.B. linkes Taschenband, Stimmlippen o.B.; Stroboskopie o.B.",0,laryngozele
data\processed\features\vox_senilis\360_i_n.npy,data\raw\vox_senilis\360\vowels\360-i_n.nsp,vox_senilis,1,360,1347,i_n,w,75.5,6.484517304189436,train,"Beginnnende vox senilis, auffälliges voice onset",1,vox_senilis
data\processed\features\vox_senilis\360_a_h.npy,data\raw\vox_senilis\360\vowels\360-a_h.nsp,vox_senilis,1,360,1347,a_h,w,75.5,6.484517304189436,train,"Beginnnende vox senilis, auffälliges voice onset",1,vox_senilis
data\processed\features\vox_senilis\2601_iau.npy,data\raw\vox_senilis\2601\vowels\2601-iau.nsp,vox_senilis,1,2601,2727,iau,w,64.7,6.484517304189436,train,,1,vox_senilis
data/processed/features_augmented/laryngozele/1205_1602_u_h_p10_0.npy,data\raw\laryngozele\1205\vowels\1205-u_h.nsp,laryngozele,0,1205,1602,u_h,m,47.0,1.0,train,"Z.B. linkes Taschenband, Stimmlippen o.B.; Stroboskopie o.B.",0,laryngozele
data/processed/features_augmented/laryngozele/1205_1602_i_lhl_p1_0.npy,data\raw\laryngozele\1205\vowels\1205-i_lhl.nsp,laryngozele,0,1205,1602,i_lhl,m,47.0,1.0,train,"Z.B. linkes Taschenband, Stimmlippen o.B.; Stroboskopie o.B.",0,laryngozele
data/processed/features_augmented/laryngozele/1205_1602_a_n_p7_0.npy,data\raw\laryngozele\1205\vowels\1205-a_n.nsp,laryngozele,0,1205,1602,a_n,m,47.0,1.0,train,"Z.B. linkes Taschenband, Stimmlippen o.B.; Stroboskopie o.B.",0,laryngozele
data\processed\features\vox_senilis\1971_u_lhl.npy,data\raw\vox_senilis\1971\vowels\1971-u_lhl.nsp,vox_senilis,1,1971,2180,u_lhl,w,78.0,6.484517304189436,train,Intermediärschwäche,1,vox_senilis
data\processed\features\vox_senilis\2307_iau.npy,data\raw\vox_senilis\2307\vowels\2307-iau.nsp,vox_senilis,1,2307,2441,iau,w,76.0,6.484517304189436,train,,1,vox_senilis
data\processed\features\vox_senilis\2509_i_lhl.npy,data\raw\vox_senilis\2509\vowels\2509-i_lhl.nsp,vox_senilis,1,2509,2643,i_lhl,w,63.9,6.484517304189436,train,,1,vox_senilis
data\processed\features\vox_senilis\1338_i_h.npy,data\raw\vox_senilis\1338\vowels\1338-i_h.nsp,vox_senilis,1,1338,1720,i_h,m,89.0,6.484517304189436,train,"Massive Form mit breiter Excavation, Subglottisches Chondrom",1,vox_senilis
data\processed\features\vox_senilis\2569_i_h.npy,data\raw\vox_senilis\2569\vowels\2569-i_h.nsp,vox_senilis,1,2569,2703,i_h,w,73.9,6.484517304189436,train,"Zustand nach Strumektomie, keine Rekurrensparese",1,vox_senilis
data\processed\features\vox_senilis\2097_u_l.npy,data\raw\vox_senilis\2097\vowels\2097-u_l.nsp,vox_senilis,1,2097,2283,u_l,w,30.7,6.484517304189436,train,Chron. Laryngitis,1,vox_senilis
data/processed/features_augmented/laryngozele/1205_1602_a_l_p8_5.npy,data\raw\laryngozele\1205\vowels\1205-a_l.nsp,laryngozele,0,1205,1602,a_l,m,47.0,1.0,train,"Z.B. linkes Taschenband, Stimmlippen o.B.; Stroboskopie o.B.",0,laryngozele
data\processed\features\vox_senilis\1819_i_l.npy,data\raw\vox_senilis\1819\vowels\1819-i_l.nsp,vox_senilis,1,1819,2084,i_l,m,66.6,6.484517304189436,train,Ohne Reflux,1,vox_senilis
data/processed/features_augmented/laryngozele/1205_1602_u_lhl_p14_0.npy,data\raw\laryngozele\1205\vowels\1205-u_lhl.nsp,laryngozele,0,1205,1602,u_lhl,m,47.0,1.0,train,"Z.B. linkes Taschenband, Stimmlippen o.B.; Stroboskopie o.B.",0,laryngozele
data\processed\features\vox_senilis\1159_a_l.npy,data\raw\vox_senilis\1159\vowels\1159-a_l.nsp,vox_senilis,1,1159,1445,a_l,w,69.1,6.484517304189436,train,Leichte subglottische Einengung,1,vox_senilis
data\processed\features\vox_senilis\899_a_lhl.npy,data\raw\vox_senilis\899\vowels\899-a_lhl.nsp,vox_senilis,1,899,1491,a_lhl,m,85.0,6.484517304189436,train,Differentialdiagnose: eventuell alte Schädigung des Arygelenks rechts,1,vox_senilis
data/processed/features_augmented/laryngozele/1205_1602_iau_p4_0.npy,data\raw\laryngozele\1205\vowels\1205-iau.nsp,laryngozele,0,1205,1602,iau,m,47.0,1.0,train,"Z.B. linkes Taschenband, Stimmlippen o.B.; Stroboskopie o.B.",0,laryngozele
data/processed/features_augmented/laryngozele/1205_1602_a_lhl_p11_5.npy,data\raw\laryngozele\1205\vowels\1205-a_lhl.nsp,laryngozele,0,1205,1602,a_lhl,m,47.0,1.0,train,"Z.B. linkes Taschenband, Stimmlippen o.B.; Stroboskopie o.B.",0,laryngozele
data/processed/features_augmented/laryngozele/1205_1602_u_lhl_p2_0.npy,data\raw\laryngozele\1205\vowels\1205-u_lhl.nsp,laryngozele,0,1205,1602,u_lhl,m,47.0,1.0,train,"Z.B. linkes Taschenband, Stimmlippen o.B.; Stroboskopie o.B.",0,laryngozele
data\processed\features\vox_senilis\1268_u_h.npy,data\raw\vox_senilis\1268\vowels\1268-u_h.nsp,vox_senilis,1,1268,1656,u_h,m,83.5,6.484517304189436,train,Mit Stimmschwäche,1,vox_senilis
data\processed\features\vox_senilis\2515_a_lhl.npy,data\raw\vox_senilis\2515\vowels\2515-a_lhl.nsp,vox_senilis,1,2515,2649,a_lhl,w,75.2,6.484517304189436,train,,1,vox_senilis
data/processed/features_augmented/laryngozele/1205_1602_u_lhl_p5_5.npy,data\raw\laryngozele\1205\vowels\1205-u_lhl.nsp,laryngozele,0,1205,1602,u_lhl,m,47.0,1.0,train,"Z.B. linkes Taschenband, Stimmlippen o.B.; Stroboskopie o.B.",0,laryngozele
data\processed\features\vox_senilis\2421_u_l.npy,data\raw\vox_senilis\2421\vowels\2421-u_l.nsp,vox_senilis,1,2421,2555,u_l,w,87.6,6.484517304189436,train,,1,vox_senilis
data\processed\features\vox_senilis\1203_u_l.npy,data\raw\vox_senilis\1203\vowels\1203-u_l.nsp,vox_senilis,1,1203,1600,u_l,w,61.1,6.484517304189436,train,Leicht,1,vox_senilis
data/processed/features_augmented/laryngozele/1205_1602_u_l_p10_0.npy,data\raw\laryngozele\1205\vowels\1205-u_l.nsp,laryngozele,0,1205,1602,u_l,m,47.0,1.0,train,"Z.B. linkes Taschenband, Stimmlippen o.B.; Stroboskopie o.B.",0,laryngozele
data\processed\features\vox_senilis\2569_a_h.npy,data\raw\vox_senilis\2569\vowels\2569-a_h.nsp,vox_senilis,1,2569,2703,a_h,w,73.9,6.484517304189436,train,"Zustand nach Strumektomie, keine Rekurrensparese",1,vox_senilis
data/processed/features_augmented/laryngozele/1205_1602_a_l_p11_5.npy,data\raw\laryngozele\1205\vowels\1205-a_l.nsp,laryngozele,0,1205,1602,a_l,m,47.0,1.0,train,"Z.B. linkes Taschenband, Stimmlippen o.B.; Stroboskopie o.B.",0,laryngozele
data/processed/features_augmented/laryngozele/1205_1602_u_h_p9_0.npy,data\raw\laryngozele\1205\vowels\1205-u_h.nsp,laryngozele,0,1205,1602,u_h,m,47.0,1.0,train,"Z.B. linkes Taschenband, Stimmlippen o.B.; Stroboskopie o.B.",0,laryngozele
data/processed/features_augmented/laryngozele/1205_1602_a_l_pm1_0.npy,data\raw\laryngozele\1205\vowels\1205-a_l.nsp,laryngozele,0,1205,1602,a_l,m,47.0,1.0,train,"Z.B. linkes Taschenband, Stimmlippen o.B.; Stroboskopie o.B.",0,laryngozele
data\processed\features\vox_senilis\846_i_h.npy,data\raw\vox_senilis\846\vowels\846-i_h.nsp,vox_senilis,1,846,1445,i_h,w,68.7,6.484517304189436,train,Subglottale Cyste,1,vox_senilis
data/processed/features_augmented/laryngozele/1205_1602_a_l_p10_5.npy,data\raw\laryngozele\1205\vowels\1205-a_l.nsp,laryngozele,0,1205,1602,a_l,m,47.0,1.0,train,"Z.B. linkes Taschenband, Stimmlippen o.B.; Stroboskopie o.B.",0,laryngozele
data/processed/features_augmented/laryngozele/1205_1602_u_l_p7_0.npy,data\raw\laryngozele\1205\vowels\1205-u_l.nsp,laryngozele,0,1205,1602,u_l,m,47.0,1.0,train,"Z.B. linkes Taschenband, Stimmlippen o.B.; Stroboskopie o.B.",0,laryngozele
data\processed\features\vox_senilis\2097_i_lhl.npy,data\raw\vox_senilis\2097\vowels\2097-i_lhl.nsp,vox_senilis,1,2097,2283,i_lhl,w,30.7,6.484517304189436,train,Chron. Laryngitis,1,vox_senilis
data/processed/features_augmented/laryngozele/1205_1602_u_n_p9_5.npy,data\raw\laryngozele\1205\vowels\1205-u_n.nsp,laryngozele,0,1205,1602,u_n,m,47.0,1.0,train,"Z.B. linkes Taschenband, Stimmlippen o.B.; Stroboskopie o.B.",0,laryngozele
data/processed/features_augmented/laryngozele/1205_1602_a_n_pm2_0.npy,data\raw\laryngozele\1205\vowels\1205-a_n.nsp,laryngozele,0,1205,1602,a_n,m,47.0,1.0,train,"Z.B. linkes Taschenband, Stimmlippen o.B.; Stroboskopie o.B.",0,laryngozele
data\processed\features\vox_senilis\2377_u_lhl.npy,data\raw\vox_senilis\2377\vowels\2377-u_lhl.nsp,vox_senilis,1,2377,2511,u_lhl,m,67.4,6.484517304189436,train,,1,vox_senilis
data/processed/features_augmented/laryngozele/1205_1602_i_l_p10_0.npy,data\raw\laryngozele\1205\vowels\1205-i_l.nsp,laryngozele,0,1205,1602,i_l,m,47.0,1.0,train,"Z.B. linkes Taschenband, Stimmlippen o.B.; Stroboskopie o.B.",0,laryngozele
data/processed/features_augmented/laryngozele/1205_1602_i_lhl_p11_0.npy,data\raw\laryngozele\1205\vowels\1205-i_lhl.nsp,laryngozele,0,1205,1602,i_lhl,m,47.0,1.0,train,"Z.B. linkes Taschenband, Stimmlippen o.B.; Stroboskopie o.B.",0,laryngozele
data/processed/features_augmented/laryngozele/1205_1602_phrase_p8_0.npy,data\raw\laryngozele\1205\sentences\1205-phrase.nsp,laryngozele,0,1205,1602,phrase,m,47.0,1.0,train,"Z.B. linkes Taschenband, Stimmlippen o.B.; Stroboskopie o.B.",0,laryngozele
data/processed/features_augmented/laryngozele/1205_1602_a_l_p4_0.npy,data\raw\laryngozele\1205\vowels\1205-a_l.nsp,laryngozele,0,1205,1602,a_l,m,47.0,1.0,train,"Z.B. linkes Taschenband, Stimmlippen o.B.; Stroboskopie o.B.",0,laryngozele
data\processed\features\vox_senilis\1203_phrase.npy,data\raw\vox_senilis\1203\sentences\1203-phrase.nsp,vox_senilis,1,1203,1600,phrase,w,61.1,6.484517304189436,train,Leicht,1,vox_senilis
data\processed\features\vox_senilis\1971_a_lhl.npy,data\raw\vox_senilis\1971\vowels\1971-a_lhl.nsp,vox_senilis,1,1971,2180,a_lhl,w,78.0,6.484517304189436,train,Intermediärschwäche,1,vox_senilis
data\processed\features\vox_senilis\899_u_n.npy,data\raw\vox_senilis\899\vowels\899-u_n.nsp,vox_senilis,1,899,1491,u_n,m,85.0,6.484517304189436,train,Differentialdiagnose: eventuell alte Schädigung des Arygelenks rechts,1,vox_senilis
data/processed/features_augmented/laryngozele/1205_1602_phrase_pm4_0.npy,data\raw\laryngozele\1205\sentences\1205-phrase.nsp,laryngozele,0,1205,1602,phrase,m,47.0,1.0,train,"Z.B. linkes Taschenband, Stimmlippen o.B.; Stroboskopie o.B.",0,laryngozele
data\processed\features\vox_senilis\1203_a_l.npy,data\raw\vox_senilis\1203\vowels\1203-a_l.nsp,vox_senilis,1,1203,1600,a_l,w,61.1,6.484517304189436,train,Leicht,1,vox_senilis
data\processed\features\vox_senilis\2003_iau.npy,data\raw\vox_senilis\2003\vowels\2003-iau.nsp,vox_senilis,1,2003,2212,iau,m,77.6,6.484517304189436,train,Laryngitis subglottisch,1,vox_senilis
data\processed\features\vox_senilis\1478_a_lhl.npy,data\raw\vox_senilis\1478\vowels\1478-a_lhl.nsp,vox_senilis,1,1478,1826,a_lhl,m,77.3,6.484517304189436,train,"Links, nach Strumektomie bei beginnender vox senilis",1,vox_senilis
data/processed/features_augmented/laryngozele/1205_1602_i_lhl_p13_0.npy,data\raw\laryngozele\1205\vowels\1205-i_lhl.nsp,laryngozele,0,1205,1602,i_lhl,m,47.0,1.0,train,"Z.B. linkes Taschenband, Stimmlippen o.B.; Stroboskopie o.B.",0,laryngozele
data\processed\features\vox_senilis\2377_a_n.npy,data\raw\vox_senilis\2377\vowels\2377-a_n.nsp,vox_senilis,1,2377,2511,a_n,m,67.4,6.484517304189436,train,,1,vox_senilis
data\processed\features\vox_senilis\2303_i_h.npy,data\raw\vox_senilis\2303\vowels\2303-i_h.nsp,vox_senilis,1,2303,2420,i_h,w,73.5,6.484517304189436,train,Zustand nach Abtragung des Polyps,1,vox_senilis
data\processed\features\vox_senilis\2319_phrase.npy,data\raw\vox_senilis\2319\sentences\2319-phrase.nsp,vox_senilis,1,2319,2453,phrase,m,81.2,6.484517304189436,train,Vox senilis,1,vox_senilis
data\processed\features\vox_senilis\2421_a_lhl.npy,data\raw\vox_senilis\2421\vowels\2421-a_lhl.nsp,vox_senilis,1,2421,2555,a_lhl,w,87.6,6.484517304189436,train,,1,vox_senilis
data\processed\features\vox_senilis\2303_i_lhl.npy,data\raw\vox_senilis\2303\vowels\2303-i_lhl.nsp,vox_senilis,1,2303,2420,i_lhl,w,73.5,6.484517304189436,train,Zustand nach Abtragung des Polyps,1,vox_senilis
data\processed\features\vox_senilis\2509_a_h.npy,data\raw\vox_senilis\2509\vowels\2509-a_h.nsp,vox_senilis,1,2509,2643,a_h,w,63.9,6.484517304189436,train,,1,vox_senilis
data\processed\features\vox_senilis\1203_a_lhl.npy,data\raw\vox_senilis\1203\vowels\1203-a_lhl.nsp,vox_senilis,1,1203,1600,a_lhl,w,61.1,6.484517304189436,train,Leicht,1,vox_senilis
data\processed\features\vox_senilis\1220_i_n.npy,data\raw\vox_senilis\1220\vowels\1220-i_n.nsp,vox_senilis,1,1220,1608,i_n,m,76.7,6.484517304189436,train,Vox senilis,1,vox_senilis
data/processed/features_augmented/laryngozele/1205_1602_u_h_p6_0.npy,data\raw\laryngozele\1205\vowels\1205-u_h.nsp,laryngozele,0,1205,1602,u_h,m,47.0,1.0,train,"Z.B. linkes Taschenband, Stimmlippen o.B.; Stroboskopie o.B.",0,laryngozele
data\processed\features\vox_senilis\1478_a_h.npy,data\raw\vox_senilis\1478\vowels\1478-a_h.nsp,vox_senilis,1,1478,1826,a_h,m,77.3,6.484517304189436,train,"Links, nach Strumektomie bei beginnender vox senilis",1,vox_senilis
data/processed/features_augmented/laryngozele/1205_1602_phrase_p12_0.npy,data\raw\laryngozele\1205\sentences\1205-phrase.nsp,laryngozele,0,1205,1602,phrase,m,47.0,1.0,train,"Z.B. linkes Taschenband, Stimmlippen o.B.; Stroboskopie o.B.",0,laryngozele
data\processed\features\vox_senilis\1819_phrase.npy,data\raw\vox_senilis\1819\sentences\1819-phrase.nsp,vox_senilis,1,1819,2084,phrase,m,66.6,6.484517304189436,train,Ohne Reflux,1,vox_senilis
data/processed/features_augmented/laryngozele/1205_1602_i_h_p10_5.npy,data\raw\laryngozele\1205\vowels\1205-i_h.nsp,laryngozele,0,1205,1602,i_h,m,47.0,1.0,train,"Z.B. linkes Taschenband, Stimmlippen o.B.; Stroboskopie o.B.",0,laryngozele
data/processed/features_augmented/laryngozele/1205_1602_iau_p9_0.npy,data\raw\laryngozele\1205\vowels\1205-iau.nsp,laryngozele,0,1205,1602,iau,m,47.0,1.0,train,"Z.B. linkes Taschenband, Stimmlippen o.B.; Stroboskopie o.B.",0,laryngozele
data/processed/features_augmented/laryngozele/1205_1602_i_n_pm1_0.npy,data\raw\laryngozele\1205\vowels\1205-i_n.nsp,laryngozele,0,1205,1602,i_n,m,47.0,1.0,train,"Z.B. linkes Taschenband, Stimmlippen o.B.; Stroboskopie o.B.",0,laryngozele
data\processed\features\vox_senilis\826_a_h.npy,data\raw\vox_senilis\826\vowels\826-a_h.nsp,vox_senilis,1,826,1438,a_h,w,78.9,6.484517304189436,train,Leicht ödematöse Stimmlippen,1,vox_senilis
data\processed\features\vox_senilis\2601_i_l.npy,data\raw\vox_senilis\2601\vowels\2601-i_l.nsp,vox_senilis,1,2601,2727,i_l,w,64.7,6.484517304189436,train,,1,vox_senilis
data\processed\features\vox_senilis\2601_i_lhl.npy,data\raw\vox_senilis\2601\vowels\2601-i_lhl.nsp,vox_senilis,1,2601,2727,i_lhl,w,64.7,6.484517304189436,train,,1,vox_senilis
data\processed\features\vox_senilis\2003_u_h.npy,data\raw\vox_senilis\2003\vowels\2003-u_h.nsp,vox_senilis,1,2003,2212,u_h,m,77.6,6.484517304189436,train,Laryngitis subglottisch,1,vox_senilis
data\processed\features\vox_senilis\846_a_l.npy,data\raw\vox_senilis\846\vowels\846-a_l.nsp,vox_senilis,1,846,1445,a_l,w,68.7,6.484517304189436,train,Subglottale Cyste,1,vox_senilis
data/processed/features_augmented/laryngozele/1205_1602_a_n_p7_5.npy,data\raw\laryngozele\1205\vowels\1205-a_n.nsp,laryngozele,0,1205,1602,a_n,m,47.0,1.0,train,"Z.B. linkes Taschenband, Stimmlippen o.B.; Stroboskopie o.B.",0,laryngozele
data\processed\features\vox_senilis\826_phrase.npy,data\raw\vox_senilis\826\sentences\826-phrase.nsp,vox_senilis,1,826,1438,phrase,w,78.9,6.484517304189436,train,Leicht ödematöse Stimmlippen,1,vox_senilis
data\processed\features\vox_senilis\2515_u_h.npy,data\raw\vox_senilis\2515\vowels\2515-u_h.nsp,vox_senilis,1,2515,2649,u_h,w,75.2,6.484517304189436,train,,1,vox_senilis
data/processed/features_augmented/laryngozele/1205_1602_i_l_p7_5.npy,data\raw\laryngozele\1205\vowels\1205-i_l.nsp,laryngozele,0,1205,1602,i_l,m,47.0,1.0,train,"Z.B. linkes Taschenband, Stimmlippen o.B.; Stroboskopie o.B.",0,laryngozele
data\processed\features\vox_senilis\2003_i_h.npy,data\raw\vox_senilis\2003\vowels\2003-i_h.nsp,vox_senilis,1,2003,2212,i_h,m,77.6,6.484517304189436,train,Laryngitis subglottisch,1,vox_senilis
data\processed\features\vox_senilis\2003_a_n.npy,data\raw\vox_senilis\2003\vowels\2003-a_n.nsp,vox_senilis,1,2003,2212,a_n,m,77.6,6.484517304189436,train,Laryngitis subglottisch,1,vox_senilis
data/processed/features_augmented/laryngozele/1205_1602_a_n_p12_0.npy,data\raw\laryngozele\1205\vowels\1205-a_n.nsp,laryngozele,0,1205,1602,a_n,m,47.0,1.0,train,"Z.B. linkes Taschenband, Stimmlippen o.B.; Stroboskopie o.B.",0,laryngozele
data\processed\features\vox_senilis\826_i_lhl.npy,data\raw\vox_senilis\826\vowels\826-i_lhl.nsp,vox_senilis,1,826,1438,i_lhl,w,78.9,6.484517304189436,train,Leicht ödematöse Stimmlippen,1,vox_senilis
data\processed\features\vox_senilis\899_i_lhl.npy,data\raw\vox_senilis\899\vowels\899-i_lhl.nsp,vox_senilis,1,899,1491,i_lhl,m,85.0,6.484517304189436,train,Differentialdiagnose: eventuell alte Schädigung des Arygelenks rechts,1,vox_senilis
data\processed\features\vox_senilis\933_a_n.npy,data\raw\vox_senilis\933\vowels\933-a_n.nsp,vox_senilis,1,933,1525,a_n,w,79.7,6.484517304189436,train,Stimmlippenvarizen links,1,vox_senilis
data\processed\features\vox_senilis\1338_iau.npy,data\raw\vox_senilis\1338\vowels\1338-iau.nsp,vox_senilis,1,1338,1720,iau,m,89.0,6.484517304189436,train,"Massive Form mit breiter Excavation, Subglottisches Chondrom",1,vox_senilis
data/processed/features_augmented/laryngozele/1205_1602_u_lhl_p12_0.npy,data\raw\laryngozele\1205\vowels\1205-u_lhl.nsp,laryngozele,0,1205,1602,u_lhl,m,47.0,1.0,train,"Z.B. linkes Taschenband, Stimmlippen o.B.; Stroboskopie o.B.",0,laryngozele
data/processed/features_augmented/laryngozele/1205_1602_a_n_pm4_0.npy,data\raw\laryngozele\1205\vowels\1205-a_n.nsp,laryngozele,0,1205,1602,a_n,m,47.0,1.0,train,"Z.B. linkes Taschenband, Stimmlippen o.B.; Stroboskopie o.B.",0,laryngozele
data\processed\features\vox_senilis\2564_a_h.npy,data\raw\vox_senilis\2564\vowels\2564-a_h.nsp,vox_senilis,1,2564,2007,a_h,w,61.8,6.484517304189436,train,"Kompensiert, alte",1,vox_senilis
data\processed\features\vox_senilis\2377_phrase.npy,data\raw\vox_senilis\2377\sentences\2377-phrase.nsp,vox_senilis,1,2377,2511,phrase,m,67.4,6.484517304189436,train,,1,vox_senilis
data/processed/features_augmented/laryngozele/1205_1602_iau_p12_0.npy,data\raw\laryngozele\1205\vowels\1205-iau.nsp,laryngozele,0,1205,1602,iau,m,47.0,1.0,train,"Z.B. linkes Taschenband, Stimmlippen o.B.; Stroboskopie o.B.",0,laryngozele
data/processed/features_augmented/laryngozele/1205_1602_a_h_p6_0.npy,data\raw\laryngozele\1205\vowels\1205-a_h.nsp,laryngozele,0,1205,1602,a_h,m,47.0,1.0,train,"Z.B. linkes Taschenband, Stimmlippen o.B.; Stroboskopie o.B.",0,laryngozele
data/processed/features_augmented/laryngozele/1205_1602_a_n_p9_0.npy,data\raw\laryngozele\1205\vowels\1205-a_n.nsp,laryngozele,0,1205,1602,a_n,m,47.0,1.0,train,"Z.B. linkes Taschenband, Stimmlippen o.B.; Stroboskopie o.B.",0,laryngozele
data\processed\features\vox_senilis\1971_a_l.npy,data\raw\vox_senilis\1971\vowels\1971-a_l.nsp,vox_senilis,1,1971,2180,a_l,w,78.0,6.484517304189436,train,Intermediärschwäche,1,vox_senilis
data\processed\features\vox_senilis\1971_phrase.npy,data\raw\vox_senilis\1971\sentences\1971-phrase.nsp,vox_senilis,1,1971,2180,phrase,w,78.0,6.484517304189436,train,Intermediärschwäche,1,vox_senilis
data/processed/features_augmented/laryngozele/1205_1602_u_h_p1_0.npy,data\raw\laryngozele\1205\vowels\1205-u_h.nsp,laryngozele,0,1205,1602,u_h,m,47.0,1.0,train,"Z.B. linkes Taschenband, Stimmlippen o.B.; Stroboskopie o.B.",0,laryngozele
data\processed\features\vox_senilis\2564_i_l.npy,data\raw\vox_senilis\2564\vowels\2564-i_l.nsp,vox_senilis,1,2564,2007,i_l,w,61.8,6.484517304189436,train,"Kompensiert, alte",1,vox_senilis
data\processed\features\vox_senilis\1338_u_n.npy,data\raw\vox_senilis\1338\vowels\1338-u_n.nsp,vox_senilis,1,1338,1720,u_n,m,89.0,6.484517304189436,train,"Massive Form mit breiter Excavation, Subglottisches Chondrom",1,vox_senilis
data\processed\features\vox_senilis\2564_i_lhl.npy,data\raw\vox_senilis\2564\vowels\2564-i_lhl.nsp,vox_senilis,1,2564,2007,i_lhl,w,61.8,6.484517304189436,train,"Kompensiert, alte",1,vox_senilis
data\processed\features\vox_senilis\846_u_l.npy,data\raw\vox_senilis\846\vowels\846-u_l.nsp,vox_senilis,1,846,1445,u_l,w,68.7,6.484517304189436,train,Subglottale Cyste,1,vox_senilis
data/processed/features_augmented/laryngozele/1205_1602_i_l_p4_0.npy,data\raw\laryngozele\1205\vowels\1205-i_l.nsp,laryngozele,0,1205,1602,i_l,m,47.0,1.0,train,"Z.B. linkes Taschenband, Stimmlippen o.B.; Stroboskopie o.B.",0,laryngozele
data\processed\features\vox_senilis\1971_a_n.npy,data\raw\vox_senilis\1971\vowels\1971-a_n.nsp,vox_senilis,1,1971,2180,a_n,w,78.0,6.484517304189436,train,Intermediärschwäche,1,vox_senilis
data/processed/features_augmented/laryngozele/1205_1602_u_n_p9_0.npy,data\raw\laryngozele\1205\vowels\1205-u_n.nsp,laryngozele,0,1205,1602,u_n,m,47.0,1.0,train,"Z.B. linkes Taschenband, Stimmlippen o.B.; Stroboskopie o.B.",0,laryngozele
data\processed\features\vox_senilis\846_a_lhl.npy,data\raw\vox_senilis\846\vowels\846-a_lhl.nsp,vox_senilis,1,846,1445,a_lhl,w,68.7,6.484517304189436,train,Subglottale Cyste,1,vox_senilis
data/processed/features_augmented/laryngozele/1205_1602_u_h_p7_0.npy,data\raw\laryngozele\1205\vowels\1205-u_h.nsp,laryngozele,0,1205,1602,u_h,m,47.0,1.0,train,"Z.B. linkes Taschenband, Stimmlippen o.B.; Stroboskopie o.B.",0,laryngozele
data/processed/features_augmented/laryngozele/1205_1602_a_l_p2_0.npy,data\raw\laryngozele\1205\vowels\1205-a_l.nsp,laryngozele,0,1205,1602,a_l,m,47.0,1.0,train,"Z.B. linkes Taschenband, Stimmlippen o.B.; Stroboskopie o.B.",0,laryngozele
data/processed/features_augmented/laryngozele/1205_1602_i_lhl_p9_5.npy,data\raw\laryngozele\1205\vowels\1205-i_lhl.nsp,laryngozele,0,1205,1602,i_lhl,m,47.0,1.0,train,"Z.B. linkes Taschenband, Stimmlippen o.B.; Stroboskopie o.B.",0,laryngozele
data\processed\features\vox_senilis\1203_u_h.npy,data\raw\vox_senilis\1203\vowels\1203-u_h.nsp,vox_senilis,1,1203,1600,u_h,w,61.1,6.484517304189436,train,Leicht,1,vox_senilis
data\processed\features\vox_senilis\1203_a_n.npy,data\raw\vox_senilis\1203\vowels\1203-a_n.nsp,vox_senilis,1,1203,1600,a_n,w,61.1,6.484517304189436,train,Leicht,1,vox_senilis
data\processed\features\vox_senilis\1971_i_n.npy,data\raw\vox_senilis\1971\vowels\1971-i_n.nsp,vox_senilis,1,1971,2180,i_n,w,78.0,6.484517304189436,train,Intermediärschwäche,1,vox_senilis
data/processed/features_augmented/laryngozele/1205_1602_u_lhl_pm1_0.npy,data\raw\laryngozele\1205\vowels\1205-u_lhl.nsp,laryngozele,0,1205,1602,u_lhl,m,47.0,1.0,train,"Z.B. linkes Taschenband, Stimmlippen o.B.; Stroboskopie o.B.",0,laryngozele
data/processed/features_augmented/laryngozele/1205_1602_phrase_p5_5.npy,data\raw\laryngozele\1205\sentences\1205-phrase.nsp,laryngozele,0,1205,1602,phrase,m,47.0,1.0,train,"Z.B. linkes Taschenband, Stimmlippen o.B.; Stroboskopie o.B.",0,laryngozele
data\processed\features\vox_senilis\2097_iau.npy,data\raw\vox_senilis\2097\vowels\2097-iau.nsp,vox_senilis,1,2097,2283,iau,w,30.7,6.484517304189436,train,Chron. Laryngitis,1,vox_senilis
data\processed\features\vox_senilis\2377_i_h.npy,data\raw\vox_senilis\2377\vowels\2377-i_h.nsp,vox_senilis,1,2377,2511,i_h,m,67.4,6.484517304189436,train,,1,vox_senilis
data\processed\features\vox_senilis\899_u_h.npy,data\raw\vox_senilis\899\vowels\899-u_h.nsp,vox_senilis,1,899,1491,u_h,m,85.0,6.484517304189436,train,Differentialdiagnose: eventuell alte Schädigung des Arygelenks rechts,1,vox_senilis
data/processed/features_augmented/laryngozele/1205_1602_i_lhl_p14_0.npy,data\raw\laryngozele\1205\vowels\1205-i_lhl.nsp,laryngozele,0,1205,1602,i_lhl,m,47.0,1.0,train,"Z.B. linkes Taschenband, Stimmlippen o.B.; Stroboskopie o.B.",0,laryngozele
data\processed\features\vox_senilis\2307_u_lhl.npy,data\raw\vox_senilis\2307\vowels\2307-u_lhl.nsp,vox_senilis,1,2307,2441,u_lhl,w,76.0,6.484517304189436,train,,1,vox_senilis
data/processed/features_augmented/laryngozele/1205_1602_i_lhl_p9_0.npy,data\raw\laryngozele\1205\vowels\1205-i_lhl.nsp,laryngozele,0,1205,1602,i_lhl,m,47.0,1.0,train,"Z.B. linkes Taschenband, Stimmlippen o.B.; Stroboskopie o.B.",0,laryngozele
data\processed\features\vox_senilis\826_a_n.npy,data\raw\vox_senilis\826\vowels\826-a_n.nsp,vox_senilis,1,826,1438,a_n,w,78.9,6.484517304189436,train,Leicht ödematöse Stimmlippen,1,vox_senilis
data\processed\features\vox_senilis\2319_iau.npy,data\raw\vox_senilis\2319\vowels\2319-iau.nsp,vox_senilis,1,2319,2453,iau,m,81.2,6.484517304189436,train,Vox senilis,1,vox_senilis
data/processed/features_augmented/laryngozele/1205_1602_i_lhl_p7_5.npy,data\raw\laryngozele\1205\vowels\1205-i_lhl.nsp,laryngozele,0,1205,1602,i_lhl,m,47.0,1.0,train,"Z.B. linkes Taschenband, Stimmlippen o.B.; Stroboskopie o.B.",0,laryngozele
data\processed\features\vox_senilis\2003_i_lhl.npy,data\raw\vox_senilis\2003\vowels\2003-i_lhl.nsp,vox_senilis,1,2003,2212,i_lhl,m,77.6,6.484517304189436,train,Laryngitis subglottisch,1,vox_senilis
data\processed\features\vox_senilis\2596_a_lhl.npy,data\raw\vox_senilis\2596\vowels\2596-a_lhl.nsp,vox_senilis,1,2596,2336,a_lhl,w,64.2,6.484517304189436,train,"Funktionelle Dysphonie, Vox senilis beginnend",1,vox_senilis
data\processed\features\vox_senilis\2569_a_n.npy,data\raw\vox_senilis\2569\vowels\2569-a_n.nsp,vox_senilis,1,2569,2703,a_n,w,73.9,6.484517304189436,train,"Zustand nach Strumektomie, keine Rekurrensparese",1,vox_senilis
data\processed\features\vox_senilis\2515_a_h.npy,data\raw\vox_senilis\2515\vowels\2515-a_h.nsp,vox_senilis,1,2515,2649,a_h,w,75.2,6.484517304189436,train,,1,vox_senilis
data/processed/features_augmented/laryngozele/1205_1602_iau_p5_5.npy,data\raw\laryngozele\1205\vowels\1205-iau.nsp,laryngozele,0,1205,1602,iau,m,47.0,1.0,train,"Z.B. linkes Taschenband, Stimmlippen o.B.; Stroboskopie o.B.",0,laryngozele
data\processed\features\vox_senilis\2003_i_l.npy,data\raw\vox_senilis\2003\vowels\2003-i_l.nsp,vox_senilis,1,2003,2212,i_l,m,77.6,6.484517304189436,train,Laryngitis subglottisch,1,vox_senilis
data\processed\features\vox_senilis\360_u_n.npy,data\raw\vox_senilis\360\vowels\360-u_n.nsp,vox_senilis,1,360,1347,u_n,w,75.5,6.484517304189436,train,"Beginnnende vox senilis, auffälliges voice onset",1,vox_senilis
data\processed\features\vox_senilis\2121_i_h.npy,data\raw\vox_senilis\2121\vowels\2121-i_h.nsp,vox_senilis,1,2121,2310,i_h,w,69.0,6.484517304189436,train,,1,vox_senilis
data/processed/features_augmented/laryngozele/1205_1602_i_l_p7_0.npy,data\raw\laryngozele\1205\vowels\1205-i_l.nsp,laryngozele,0,1205,1602,i_l,m,47.0,1.0,train,"Z.B. linkes Taschenband, Stimmlippen o.B.; Stroboskopie o.B.",0,laryngozele
data/processed/features_augmented/laryngozele/1205_1602_u_lhl_p6_0.npy,data\raw\laryngozele\1205\vowels\1205-u_lhl.nsp,laryngozele,0,1205,1602,u_lhl,m,47.0,1.0,train,"Z.B. linkes Taschenband, Stimmlippen o.B.; Stroboskopie o.B.",0,laryngozele
data\processed\features\vox_senilis\899_a_n.npy,data\raw\vox_senilis\899\vowels\899-a_n.nsp,vox_senilis,1,899,1491,a_n,m,85.0,6.484517304189436,train,Differentialdiagnose: eventuell alte Schädigung des Arygelenks rechts,1,vox_senilis
data\processed\features\vox_senilis\2509_phrase.npy,data\raw\vox_senilis\2509\sentences\2509-phrase.nsp,vox_senilis,1,2509,2643,phrase,w,63.9,6.484517304189436,train,,1,vox_senilis
data\processed\features\vox_senilis\2509_u_lhl.npy,data\raw\vox_senilis\2509\vowels\2509-u_lhl.nsp,vox_senilis,1,2509,2643,u_lhl,w,63.9,6.484517304189436,train,,1,vox_senilis
data/processed/features_augmented/laryngozele/1205_1602_a_l_p13_0.npy,data\raw\laryngozele\1205\vowels\1205-a_l.nsp,laryngozele,0,1205,1602,a_l,m,47.0,1.0,train,"Z.B. linkes Taschenband, Stimmlippen o.B.; Stroboskopie o.B.",0,laryngozele
data/processed/features_augmented/laryngozele/1205_1602_a_n_p0_0.npy,data\raw\laryngozele\1205\vowels\1205-a_n.nsp,laryngozele,0,1205,1602,a_n,m,47.0,1.0,train,"Z.B. linkes Taschenband, Stimmlippen o.B.; Stroboskopie o.B.",0,laryngozele
data\processed\features\vox_senilis\933_u_n.npy,data\raw\vox_senilis\933\vowels\933-u_n.nsp,vox_senilis,1,933,1525,u_n,w,79.7,6.484517304189436,train,Stimmlippenvarizen links,1,vox_senilis
data/processed/features_augmented/laryngozele/1205_1602_a_h_p9_0.npy,data\raw\laryngozele\1205\vowels\1205-a_h.nsp,laryngozele,0,1205,1602,a_h,m,47.0,1.0,train,"Z.B. linkes Taschenband, Stimmlippen o.B.; Stroboskopie o.B.",0,laryngozele
data/processed/features_augmented/laryngozele/1205_1602_i_n_p13_0.npy,data\raw\laryngozele\1205\vowels\1205-i_n.nsp,laryngozele,0,1205,1602,i_n,m,47.0,1.0,train,"Z.B. linkes Taschenband, Stimmlippen o.B.; Stroboskopie o.B.",0,laryngozele
data\processed\features\vox_senilis\2569_i_l.npy,data\raw\vox_senilis\2569\vowels\2569-i_l.nsp,vox_senilis,1,2569,2703,i_l,w,73.9,6.484517304189436,train,"Zustand nach Strumektomie, keine Rekurrensparese",1,vox_senilis
data\processed\features\vox_senilis\2421_a_n.npy,data\raw\vox_senilis\2421\vowels\2421-a_n.nsp,vox_senilis,1,2421,2555,a_n,w,87.6,6.484517304189436,train,,1,vox_senilis
data\processed\features\vox_senilis\1971_u_h.npy,data\raw\vox_senilis\1971\vowels\1971-u_h.nsp,vox_senilis,1,1971,2180,u_h,w,78.0,6.484517304189436,train,Intermediärschwäche,1,vox_senilis
data/processed/features_augmented/laryngozele/1205_1602_iau_pm3_0.npy,data\raw\laryngozele\1205\vowels\1205-iau.nsp,laryngozele,0,1205,1602,iau,m,47.0,1.0,train,"Z.B. linkes Taschenband, Stimmlippen o.B.; Stroboskopie o.B.",0,laryngozele
data\processed\features\vox_senilis\2564_i_h.npy,data\raw\vox_senilis\2564\vowels\2564-i_h.nsp,vox_senilis,1,2564,2007,i_h,w,61.8,6.484517304189436,train,"Kompensiert, alte",1,vox_senilis
data/processed/features_augmented/laryngozele/1205_1602_i_h_p5_0.npy,data\raw\laryngozele\1205\vowels\1205-i_h.nsp,laryngozele,0,1205,1602,i_h,m,47.0,1.0,train,"Z.B. linkes Taschenband, Stimmlippen o.B.; Stroboskopie o.B.",0,laryngozele
data/processed/features_augmented/laryngozele/1205_1602_u_l_p9_5.npy,data\raw\laryngozele\1205\vowels\1205-u_l.nsp,laryngozele,0,1205,1602,u_l,m,47.0,1.0,train,"Z.B. linkes Taschenband, Stimmlippen o.B.; Stroboskopie o.B.",0,laryngozele
data/processed/features_augmented/laryngozele/1205_1602_i_l_p5_0.npy,data\raw\laryngozele\1205\vowels\1205-i_l.nsp,laryngozele,0,1205,1602,i_l,m,47.0,1.0,train,"Z.B. linkes Taschenband, Stimmlippen o.B.; Stroboskopie o.B.",0,laryngozele
data\processed\features\vox_senilis\1268_i_h.npy,data\raw\vox_senilis\1268\vowels\1268-i_h.nsp,vox_senilis,1,1268,1656,i_h,m,83.5,6.484517304189436,train,Mit Stimmschwäche,1,vox_senilis
data/processed/features_augmented/laryngozele/1205_1602_u_n_p10_0.npy,data\raw\laryngozele\1205\vowels\1205-u_n.nsp,laryngozele,0,1205,1602,u_n,m,47.0,1.0,train,"Z.B. linkes Taschenband, Stimmlippen o.B.; Stroboskopie o.B.",0,laryngozele
data\processed\features\vox_senilis\2601_i_h.npy,data\raw\vox_senilis\2601\vowels\2601-i_h.nsp,vox_senilis,1,2601,2727,i_h,w,64.7,6.484517304189436,train,,1,vox_senilis
data/processed/features_augmented/laryngozele/1205_1602_phrase_p11_0.npy,data\raw\laryngozele\1205\sentences\1205-phrase.nsp,laryngozele,0,1205,1602,phrase,m,47.0,1.0,train,"Z.B. linkes Taschenband, Stimmlippen o.B.; Stroboskopie o.B.",0,laryngozele
data/processed/features_augmented/laryngozele/1205_1602_a_lhl_p5_5.npy,data\raw\laryngozele\1205\vowels\1205-a_lhl.nsp,laryngozele,0,1205,1602,a_lhl,m,47.0,1.0,train,"Z.B. linkes Taschenband, Stimmlippen o.B.; Stroboskopie o.B.",0,laryngozele
data/processed/features_augmented/laryngozele/1205_1602_i_l_p8_5.npy,data\raw\laryngozele\1205\vowels\1205-i_l.nsp,laryngozele,0,1205,1602,i_l,m,47.0,1.0,train,"Z.B. linkes Taschenband, Stimmlippen o.B.; Stroboskopie o.B.",0,laryngozele
data\processed\features\vox_senilis\1338_a_l.npy,data\raw\vox_senilis\1338\vowels\1338-a_l.nsp,vox_senilis,1,1338,1720,a_l,m,89.0,6.484517304189436,train,"Massive Form mit breiter Excavation, Subglottisches Chondrom",1,vox_senilis
data/processed/features_augmented/laryngozele/1205_1602_a_h_p4_0.npy,data\raw\laryngozele\1205\vowels\1205-a_h.nsp,laryngozele,0,1205,1602,a_h,m,47.0,1.0,train,"Z.B. linkes Taschenband, Stimmlippen o.B.; Stroboskopie o.B.",0,laryngozele
data/processed/features_augmented/laryngozele/1205_1602_i_h_p9_5.npy,data\raw\laryngozele\1205\vowels\1205-i_h.nsp,laryngozele,0,1205,1602,i_h,m,47.0,1.0,train,"Z.B. linkes Taschenband, Stimmlippen o.B.; Stroboskopie o.B.",0,laryngozele
data/processed/features_augmented/laryngozele/1205_1602_i_n_p0_0.npy,data\raw\laryngozele\1205\vowels\1205-i_n.nsp,laryngozele,0,1205,1602,i_n,m,47.0,1.0,train,"Z.B. linkes Taschenband, Stimmlippen o.B.; Stroboskopie o.B.",0,laryngozele
data\processed\features\vox_senilis\2601_a_n.npy,data\raw\vox_senilis\2601\vowels\2601-a_n.nsp,vox_senilis,1,2601,2727,a_n,w,64.7,6.484517304189436,train,,1,vox_senilis
data/processed/features_augmented/laryngozele/1205_1602_a_lhl_p14_0.npy,data\raw\laryngozele\1205\vowels\1205-a_lhl.nsp,laryngozele,0,1205,1602,a_lhl,m,47.0,1.0,train,"Z.B. linkes Taschenband, Stimmlippen o.B.; Stroboskopie o.B.",0,laryngozele
data\processed\features\vox_senilis\826_i_n.npy,data\raw\vox_senilis\826\vowels\826-i_n.nsp,vox_senilis,1,826,1438,i_n,w,78.9,6.484517304189436,train,Leicht ödematöse Stimmlippen,1,vox_senilis
data\processed\features\vox_senilis\2121_i_l.npy,data\raw\vox_senilis\2121\vowels\2121-i_l.nsp,vox_senilis,1,2121,2310,i_l,w,69.0,6.484517304189436,train,,1,vox_senilis
data/processed/features_augmented/laryngozele/1205_1602_a_n_p9_5.npy,data\raw\laryngozele\1205\vowels\1205-a_n.nsp,laryngozele,0,1205,1602,a_n,m,47.0,1.0,train,"Z.B. linkes Taschenband, Stimmlippen o.B.; Stroboskopie o.B.",0,laryngozele
data\processed\features\vox_senilis\933_phrase.npy,data\raw\vox_senilis\933\sentences\933-phrase.nsp,vox_senilis,1,933,1525,phrase,w,79.7,6.484517304189436,train,Stimmlippenvarizen links,1,vox_senilis
data\processed\features\vox_senilis\899_i_n.npy,data\raw\vox_senilis\899\vowels\899-i_n.nsp,vox_senilis,1,899,1491,i_n,m,85.0,6.484517304189436,train,Differentialdiagnose: eventuell alte Schädigung des Arygelenks rechts,1,vox_senilis
data\processed\features\vox_senilis\1268_a_n.npy,data\raw\vox_senilis\1268\vowels\1268-a_n.nsp,vox_senilis,1,1268,1656,a_n,m,83.5,6.484517304189436,train,Mit Stimmschwäche,1,vox_senilis
data/processed/features_augmented/laryngozele/1205_1602_i_l_p9_5.npy,data\raw\laryngozele\1205\vowels\1205-i_l.nsp,laryngozele,0,1205,1602,i_l,m,47.0,1.0,train,"Z.B. linkes Taschenband, Stimmlippen o.B.; Stroboskopie o.B.",0,laryngozele
data\processed\features\vox_senilis\2509_a_n.npy,data\raw\vox_senilis\2509\vowels\2509-a_n.nsp,vox_senilis,1,2509,2643,a_n,w,63.9,6.484517304189436,train,,1,vox_senilis
data\processed\features\vox_senilis\2596_u_h.npy,data\raw\vox_senilis\2596\vowels\2596-u_h.nsp,vox_senilis,1,2596,2336,u_h,w,64.2,6.484517304189436,train,"Funktionelle Dysphonie, Vox senilis beginnend",1,vox_senilis
data\processed\features\vox_senilis\2569_u_n.npy,data\raw\vox_senilis\2569\vowels\2569-u_n.nsp,vox_senilis,1,2569,2703,u_n,w,73.9,6.484517304189436,train,"Zustand nach Strumektomie, keine Rekurrensparese",1,vox_senilis
data\processed\features\vox_senilis\2569_phrase.npy,data\raw\vox_senilis\2569\sentences\2569-phrase.nsp,vox_senilis,1,2569,2703,phrase,w,73.9,6.484517304189436,train,"Zustand nach Strumektomie, keine Rekurrensparese",1,vox_senilis
data\processed\features\vox_senilis\1819_u_lhl.npy,data\raw\vox_senilis\1819\vowels\1819-u_lhl.nsp,vox_senilis,1,1819,2084,u_lhl,m,66.6,6.484517304189436,train,Ohne Reflux,1,vox_senilis
data\processed\features\vox_senilis\846_u_n.npy,data\raw\vox_senilis\846\vowels\846-u_n.nsp,vox_senilis,1,846,1445,u_n,w,68.7,6.484517304189436,train,Subglottale Cyste,1,vox_senilis
data\processed\features\vox_senilis\1819_i_h.npy,data\raw\vox_senilis\1819\vowels\1819-i_h.nsp,vox_senilis,1,1819,2084,i_h,m,66.6,6.484517304189436,train,Ohne Reflux,1,vox_senilis
data/processed/features_augmented/laryngozele/1205_1602_i_h_pm2_0.npy,data\raw\laryngozele\1205\vowels\1205-i_h.nsp,laryngozele,0,1205,1602,i_h,m,47.0,1.0,train,"Z.B. linkes Taschenband, Stimmlippen o.B.; Stroboskopie o.B.",0,laryngozele
data\processed\features\vox_senilis\933_i_n.npy,data\raw\vox_senilis\933\vowels\933-i_n.nsp,vox_senilis,1,933,1525,i_n,w,79.7,6.484517304189436,train,Stimmlippenvarizen links,1,vox_senilis
data\processed\features\vox_senilis\2509_u_n.npy,data\raw\vox_senilis\2509\vowels\2509-u_n.nsp,vox_senilis,1,2509,2643,u_n,w,63.9,6.484517304189436,train,,1,vox_senilis
data/processed/features_augmented/laryngozele/1205_1602_phrase_p1_0.npy,data\raw\laryngozele\1205\sentences\1205-phrase.nsp,laryngozele,0,1205,1602,phrase,m,47.0,1.0,train,"Z.B. linkes Taschenband, Stimmlippen o.B.; Stroboskopie o.B.",0,laryngozele
data/processed/features_augmented/laryngozele/1205_1602_u_l_p6_0.npy,data\raw\laryngozele\1205\vowels\1205-u_l.nsp,laryngozele,0,1205,1602,u_l,m,47.0,1.0,train,"Z.B. linkes Taschenband, Stimmlippen o.B.; Stroboskopie o.B.",0,laryngozele
data\processed\features\vox_senilis\1971_iau.npy,data\raw\vox_senilis\1971\vowels\1971-iau.nsp,vox_senilis,1,1971,2180,iau,w,78.0,6.484517304189436,train,Intermediärschwäche,1,vox_senilis
data\processed\features\vox_senilis\933_a_lhl.npy,data\raw\vox_senilis\933\vowels\933-a_lhl.nsp,vox_senilis,1,933,1525,a_lhl,w,79.7,6.484517304189436,train,Stimmlippenvarizen links,1,vox_senilis
data/processed/features_augmented/laryngozele/1205_1602_i_h_pm4_0.npy,data\raw\laryngozele\1205\vowels\1205-i_h.nsp,laryngozele,0,1205,1602,i_h,m,47.0,1.0,train,"Z.B. linkes Taschenband, Stimmlippen o.B.; Stroboskopie o.B.",0,laryngozele
data\processed\features\vox_senilis\2564_a_lhl.npy,data\raw\vox_senilis\2564\vowels\2564-a_lhl.nsp,vox_senilis,1,2564,2007,a_lhl,w,61.8,6.484517304189436,train,"Kompensiert, alte",1,vox_senilis
data/processed/features_augmented/laryngozele/1205_1602_u_lhl_pm2_0.npy,data\raw\laryngozele\1205\vowels\1205-u_lhl.nsp,laryngozele,0,1205,1602,u_lhl,m,47.0,1.0,train,"Z.B. linkes Taschenband, Stimmlippen o.B.; Stroboskopie o.B.",0,laryngozele
data\processed\features\vox_senilis\2601_u_lhl.npy,data\raw\vox_senilis\2601\vowels\2601-u_lhl.nsp,vox_senilis,1,2601,2727,u_lhl,w,64.7,6.484517304189436,train,,1,vox_senilis
data\processed\features\vox_senilis\2319_u_n.npy,data\raw\vox_senilis\2319\vowels\2319-u_n.nsp,vox_senilis,1,2319,2453,u_n,m,81.2,6.484517304189436,train,Vox senilis,1,vox_senilis
data\processed\features\vox_senilis\1819_a_l.npy,data\raw\vox_senilis\1819\vowels\1819-a_l.nsp,vox_senilis,1,1819,2084,a_l,m,66.6,6.484517304189436,train,Ohne Reflux,1,vox_senilis
data/processed/features_augmented/laryngozele/1205_1602_i_h_pm1_0.npy,data\raw\laryngozele\1205\vowels\1205-i_h.nsp,laryngozele,0,1205,1602,i_h,m,47.0,1.0,train,"Z.B. linkes Taschenband, Stimmlippen o.B.; Stroboskopie o.B.",0,laryngozele
data/processed/features_augmented/laryngozele/1205_1602_a_lhl_p10_5.npy,data\raw\laryngozele\1205\vowels\1205-a_lhl.nsp,laryngozele,0,1205,1602,a_lhl,m,47.0,1.0,train,"Z.B. linkes Taschenband, Stimmlippen o.B.; Stroboskopie o.B.",0,laryngozele
data\processed\features\vox_senilis\846_u_lhl.npy,data\raw\vox_senilis\846\vowels\846-u_lhl.nsp,vox_senilis,1,846,1445,u_lhl,w,68.7,6.484517304189436,train,Subglottale Cyste,1,vox_senilis
data\processed\features\vox_senilis\2509_a_lhl.npy,data\raw\vox_senilis\2509\vowels\2509-a_lhl.nsp,vox_senilis,1,2509,2643,a_lhl,w,63.9,6.484517304189436,train,,1,vox_senilis
data/processed/features_augmented/laryngozele/1205_1602_i_h_p8_5.npy,data\raw\laryngozele\1205\vowels\1205-i_h.nsp,laryngozele,0,1205,1602,i_h,m,47.0,1.0,train,"Z.B. linkes Taschenband, Stimmlippen o.B.; Stroboskopie o.B.",0,laryngozele
data\processed\features\vox_senilis\1203_u_n.npy,data\raw\vox_senilis\1203\vowels\1203-u_n.nsp,vox_senilis,1,1203,1600,u_n,w,61.1,6.484517304189436,train,Leicht,1,vox_senilis
data\processed\features\vox_senilis\2121_i_n.npy,data\raw\vox_senilis\2121\vowels\2121-i_n.nsp,vox_senilis,1,2121,2310,i_n,w,69.0,6.484517304189436,train,,1,vox_senilis
data\processed\features\vox_senilis\1159_iau.npy,data\raw\vox_senilis\1159\vowels\1159-iau.nsp,vox_senilis,1,1159,1445,iau,w,69.1,6.484517304189436,train,Leichte subglottische Einengung,1,vox_senilis
data/processed/features_augmented/laryngozele/1205_1602_i_n_p2_0.npy,data\raw\laryngozele\1205\vowels\1205-i_n.nsp,laryngozele,0,1205,1602,i_n,m,47.0,1.0,train,"Z.B. linkes Taschenband, Stimmlippen o.B.; Stroboskopie o.B.",0,laryngozele
data\processed\features\vox_senilis\933_i_lhl.npy,data\raw\vox_senilis\933\vowels\933-i_lhl.nsp,vox_senilis,1,933,1525,i_lhl,w,79.7,6.484517304189436,train,Stimmlippenvarizen links,1,vox_senilis
data\processed\features\vox_senilis\826_iau.npy,data\raw\vox_senilis\826\vowels\826-iau.nsp,vox_senilis,1,826,1438,iau,w,78.9,6.484517304189436,train,Leicht ödematöse Stimmlippen,1,vox_senilis
data\processed\features\vox_senilis\2421_phrase.npy,data\raw\vox_senilis\2421\sentences\2421-phrase.nsp,vox_senilis,1,2421,2555,phrase,w,87.6,6.484517304189436,train,,1,vox_senilis
data\processed\features\vox_senilis\2601_u_l.npy,data\raw\vox_senilis\2601\vowels\2601-u_l.nsp,vox_senilis,1,2601,2727,u_l,w,64.7,6.484517304189436,train,,1,vox_senilis
data\processed\features\vox_senilis\2601_a_h.npy,data\raw\vox_senilis\2601\vowels\2601-a_h.nsp,vox_senilis,1,2601,2727,a_h,w,64.7,6.484517304189436,train,,1,vox_senilis
data\processed\features\vox_senilis\360_iau.npy,data\raw\vox_senilis\360\vowels\360-iau.nsp,vox_senilis,1,360,1347,iau,w,75.5,6.484517304189436,train,"Beginnnende vox senilis, auffälliges voice onset",1,vox_senilis
data\processed\features\vox_senilis\2307_u_l.npy,data\raw\vox_senilis\2307\vowels\2307-u_l.nsp,vox_senilis,1,2307,2441,u_l,w,76.0,6.484517304189436,train,,1,vox_senilis
data/processed/features_augmented/laryngozele/1205_1602_u_n_p6_0.npy,data\raw\laryngozele\1205\vowels\1205-u_n.nsp,laryngozele,0,1205,1602,u_n,m,47.0,1.0,train,"Z.B. linkes Taschenband, Stimmlippen o.B.; Stroboskopie o.B.",0,laryngozele
data/processed/features_augmented/laryngozele/1205_1602_u_n_p11_5.npy,data\raw\laryngozele\1205\vowels\1205-u_n.nsp,laryngozele,0,1205,1602,u_n,m,47.0,1.0,train,"Z.B. linkes Taschenband, Stimmlippen o.B.; Stroboskopie o.B.",0,laryngozele
data/processed/features_augmented/laryngozele/1205_1602_iau_p8_0.npy,data\raw\laryngozele\1205\vowels\1205-iau.nsp,laryngozele,0,1205,1602,iau,m,47.0,1.0,train,"Z.B. linkes Taschenband, Stimmlippen o.B.; Stroboskopie o.B.",0,laryngozele
data\processed\features\vox_senilis\2307_a_h.npy,data\raw\vox_senilis\2307\vowels\2307-a_h.nsp,vox_senilis,1,2307,2441,a_h,w,76.0,6.484517304189436,train,,1,vox_senilis
data/processed/features_augmented/laryngozele/1205_1602_phrase_p3_0.npy,data\raw\laryngozele\1205\sentences\1205-phrase.nsp,laryngozele,0,1205,1602,phrase,m,47.0,1.0,train,"Z.B. linkes Taschenband, Stimmlippen o.B.; Stroboskopie o.B.",0,laryngozele
data\processed\features\vox_senilis\2307_i_lhl.npy,data\raw\vox_senilis\2307\vowels\2307-i_lhl.nsp,vox_senilis,1,2307,2441,i_lhl,w,76.0,6.484517304189436,train,,1,vox_senilis
data/processed/features_augmented/laryngozele/1205_1602_i_h_p7_0.npy,data\raw\laryngozele\1205\vowels\1205-i_h.nsp,laryngozele,0,1205,1602,i_h,m,47.0,1.0,train,"Z.B. linkes Taschenband, Stimmlippen o.B.; Stroboskopie o.B.",0,laryngozele
data\processed\features\vox_senilis\1203_u_lhl.npy,data\raw\vox_senilis\1203\vowels\1203-u_lhl.nsp,vox_senilis,1,1203,1600,u_lhl,w,61.1,6.484517304189436,train,Leicht,1,vox_senilis
data\processed\features\vox_senilis\1268_a_lhl.npy,data\raw\vox_senilis\1268\vowels\1268-a_lhl.nsp,vox_senilis,1,1268,1656,a_lhl,m,83.5,6.484517304189436,train,Mit Stimmschwäche,1,vox_senilis
data\processed\features\vox_senilis\1159_a_n.npy,data\raw\vox_senilis\1159\vowels\1159-a_n.nsp,vox_senilis,1,1159,1445,a_n,w,69.1,6.484517304189436,train,Leichte subglottische Einengung,1,vox_senilis
data/processed/features_augmented/laryngozele/1205_1602_phrase_pm3_0.npy,data\raw\laryngozele\1205\sentences\1205-phrase.nsp,laryngozele,0,1205,1602,phrase,m,47.0,1.0,train,"Z.B. linkes Taschenband, Stimmlippen o.B.; Stroboskopie o.B.",0,laryngozele
data\processed\features\vox_senilis\1338_u_lhl.npy,data\raw\vox_senilis\1338\vowels\1338-u_lhl.nsp,vox_senilis,1,1338,1720,u_lhl,m,89.0,6.484517304189436,train,"Massive Form mit breiter Excavation, Subglottisches Chondrom",1,vox_senilis
data/processed/features_augmented/laryngozele/1205_1602_i_lhl_pm4_0.npy,data\raw\laryngozele\1205\vowels\1205-i_lhl.nsp,laryngozele,0,1205,1602,i_lhl,m,47.0,1.0,train,"Z.B. linkes Taschenband, Stimmlippen o.B.; Stroboskopie o.B.",0,laryngozele
data\processed\features\vox_senilis\1971_i_l.npy,data\raw\vox_senilis\1971\vowels\1971-i_l.nsp,vox_senilis,1,1971,2180,i_l,w,78.0,6.484517304189436,train,Intermediärschwäche,1,vox_senilis
data\processed\features\vox_senilis\2509_i_h.npy,data\raw\vox_senilis\2509\vowels\2509-i_h.nsp,vox_senilis,1,2509,2643,i_h,w,63.9,6.484517304189436,train,,1,vox_senilis
data\processed\features\vox_senilis\1203_a_h.npy,data\raw\vox_senilis\1203\vowels\1203-a_h.nsp,vox_senilis,1,1203,1600,a_h,w,61.1,6.484517304189436,train,Leicht,1,vox_senilis
data\processed\features\vox_senilis\1159_i_lhl.npy,data\raw\vox_senilis\1159\vowels\1159-i_lhl.nsp,vox_senilis,1,1159,1445,i_lhl,w,69.1,6.484517304189436,train,Leichte subglottische Einengung,1,vox_senilis
data/processed/features_augmented/laryngozele/1205_1602_a_n_p11_0.npy,data\raw\laryngozele\1205\vowels\1205-a_n.nsp,laryngozele,0,1205,1602,a_n,m,47.0,1.0,train,"Z.B. linkes Taschenband, Stimmlippen o.B.; Stroboskopie o.B.",0,laryngozele
data\processed\features\vox_senilis\1220_u_l.npy,data\raw\vox_senilis\1220\vowels\1220-u_l.nsp,vox_senilis,1,1220,1608,u_l,m,76.7,6.484517304189436,train,Vox senilis,1,vox_senilis
data\processed\features\vox_senilis\1159_a_lhl.npy,data\raw\vox_senilis\1159\vowels\1159-a_lhl.nsp,vox_senilis,1,1159,1445,a_lhl,w,69.1,6.484517304189436,train,Leichte subglottische Einengung,1,vox_senilis
data\processed\features\vox_senilis\2303_a_lhl.npy,data\raw\vox_senilis\2303\vowels\2303-a_lhl.nsp,vox_senilis,1,2303,2420,a_lhl,w,73.5,6.484517304189436,train,Zustand nach Abtragung des Polyps,1,vox_senilis
data/processed/features_augmented/laryngozele/1205_1602_a_h_p13_0.npy,data\raw\laryngozele\1205\vowels\1205-a_h.nsp,laryngozele,0,1205,1602,a_h,m,47.0,1.0,train,"Z.B. linkes Taschenband, Stimmlippen o.B.; Stroboskopie o.B.",0,laryngozele
data/processed/features_augmented/laryngozele/1205_1602_iau_p11_0.npy,data\raw\laryngozele\1205\vowels\1205-iau.nsp,laryngozele,0,1205,1602,iau,m,47.0,1.0,train,"Z.B. linkes Taschenband, Stimmlippen o.B.; Stroboskopie o.B.",0,laryngozele
data\processed\features\vox_senilis\846_a_h.npy,data\raw\vox_senilis\846\vowels\846-a_h.nsp,vox_senilis,1,846,1445,a_h,w,68.7,6.484517304189436,train,Subglottale Cyste,1,vox_senilis
data\processed\features\vox_senilis\2003_a_l.npy,data\raw\vox_senilis\2003\vowels\2003-a_l.nsp,vox_senilis,1,2003,2212,a_l,m,77.6,6.484517304189436,train,Laryngitis subglottisch,1,vox_senilis
data/processed/features_augmented/laryngozele/1205_1602_u_l_pm2_0.npy,data\raw\laryngozele\1205\vowels\1205-u_l.nsp,laryngozele,0,1205,1602,u_l,m,47.0,1.0,train,"Z.B. linkes Taschenband, Stimmlippen o.B.; Stroboskopie o.B.",0,laryngozele
data\processed\features\vox_senilis\1338_a_h.npy,data\raw\vox_senilis\1338\vowels\1338-a_h.nsp,vox_senilis,1,1338,1720,a_h,m,89.0,6.484517304189436,train,"Massive Form mit breiter Excavation, Subglottisches Chondrom",1,vox_senilis
data\processed\features\vox_senilis\2564_phrase.npy,data\raw\vox_senilis\2564\sentences\2564-phrase.nsp,vox_senilis,1,2564,2007,phrase,w,61.8,6.484517304189436,train,"Kompensiert, alte",1,vox_senilis
data\processed\features\vox_senilis\2097_i_l.npy,data\raw\vox_senilis\2097\vowels\2097-i_l.nsp,vox_senilis,1,2097,2283,i_l,w,30.7,6.484517304189436,train,Chron. Laryngitis,1,vox_senilis
data/processed/features_augmented/laryngozele/1205_1602_a_n_p8_0.npy,data\raw\laryngozele\1205\vowels\1205-a_n.nsp,laryngozele,0,1205,1602,a_n,m,47.0,1.0,train,"Z.B. linkes Taschenband, Stimmlippen o.B.; Stroboskopie o.B.",0,laryngozele
data/processed/features_augmented/laryngozele/1205_1602_u_h_pm2_0.npy,data\raw\laryngozele\1205\vowels\1205-u_h.nsp,laryngozele,0,1205,1602,u_h,m,47.0,1.0,train,"Z.B. linkes Taschenband, Stimmlippen o.B.; Stroboskopie o.B.",0,laryngozele
data/processed/features_augmented/laryngozele/1205_1602_a_h_p14_0.npy,data\raw\laryngozele\1205\vowels\1205-a_h.nsp,laryngozele,0,1205,1602,a_h,m,47.0,1.0,train,"Z.B. linkes Taschenband, Stimmlippen o.B.; Stroboskopie o.B.",0,laryngozele
data/processed/features_augmented/laryngozele/1205_1602_i_lhl_p10_5.npy,data\raw\laryngozele\1205\vowels\1205-i_lhl.nsp,laryngozele,0,1205,1602,i_lhl,m,47.0,1.0,train,"Z.B. linkes Taschenband, Stimmlippen o.B.; Stroboskopie o.B.",0,laryngozele
data/processed/features_augmented/laryngozele/1205_1602_u_lhl_p9_0.npy,data\raw\laryngozele\1205\vowels\1205-u_lhl.nsp,laryngozele,0,1205,1602,u_lhl,m,47.0,1.0,train,"Z.B. linkes Taschenband, Stimmlippen o.B.; Stroboskopie o.B.",0,laryngozele
data\processed\features\vox_senilis\2564_u_h.npy,data\raw\vox_senilis\2564\vowels\2564-u_h.nsp,vox_senilis,1,2564,2007,u_h,w,61.8,6.484517304189436,train,"Kompensiert, alte",1,vox_senilis
data/processed/features_augmented/laryngozele/1205_1602_iau_p14_0.npy,data\raw\laryngozele\1205\vowels\1205-iau.nsp,laryngozele,0,1205,1602,iau,m,47.0,1.0,train,"Z.B. linkes Taschenband, Stimmlippen o.B.; Stroboskopie o.B.",0,laryngozele
data\processed\features\vox_senilis\2307_i_n.npy,data\raw\vox_senilis\2307\vowels\2307-i_n.nsp,vox_senilis,1,2307,2441,i_n,w,76.0,6.484517304189436,train,,1,vox_senilis
data\processed\features\vox_senilis\1478_i_h.npy,data\raw\vox_senilis\1478\vowels\1478-i_h.nsp,vox_senilis,1,1478,1826,i_h,m,77.3,6.484517304189436,train,"Links, nach Strumektomie bei beginnender vox senilis",1,vox_senilis
data/processed/features_augmented/laryngozele/1205_1602_phrase_p8_5.npy,data\raw\laryngozele\1205\sentences\1205-phrase.nsp,laryngozele,0,1205,1602,phrase,m,47.0,1.0,train,"Z.B. linkes Taschenband, Stimmlippen o.B.; Stroboskopie o.B.",0,laryngozele
data\processed\features\vox_senilis\2515_a_l.npy,data\raw\vox_senilis\2515\vowels\2515-a_l.nsp,vox_senilis,1,2515,2649,a_l,w,75.2,6.484517304189436,train,,1,vox_senilis
data\processed\features\vox_senilis\2421_i_lhl.npy,data\raw\vox_senilis\2421\vowels\2421-i_lhl.nsp,vox_senilis,1,2421,2555,i_lhl,w,87.6,6.484517304189436,train,,1,vox_senilis
data\processed\features\vox_senilis\2307_i_l.npy,data\raw\vox_senilis\2307\vowels\2307-i_l.nsp,vox_senilis,1,2307,2441,i_l,w,76.0,6.484517304189436,train,,1,vox_senilis
data\processed\features\vox_senilis\1478_i_n.npy,data\raw\vox_senilis\1478\vowels\1478-i_n.nsp,vox_senilis,1,1478,1826,i_n,m,77.3,6.484517304189436,train,"Links, nach Strumektomie bei beginnender vox senilis",1,vox_senilis
data/processed/features_augmented/laryngozele/1205_1602_i_h_p11_0.npy,data\raw\laryngozele\1205\vowels\1205-i_h.nsp,laryngozele,0,1205,1602,i_h,m,47.0,1.0,train,"Z.B. linkes Taschenband, Stimmlippen o.B.; Stroboskopie o.B.",0,laryngozele
data/processed/features_augmented/laryngozele/1205_1602_i_lhl_p0_0.npy,data\raw\laryngozele\1205\vowels\1205-i_lhl.nsp,laryngozele,0,1205,1602,i_lhl,m,47.0,1.0,train,"Z.B. linkes Taschenband, Stimmlippen o.B.; Stroboskopie o.B.",0,laryngozele
data\processed\features\vox_senilis\1478_u_lhl.npy,data\raw\vox_senilis\1478\vowels\1478-u_lhl.nsp,vox_senilis,1,1478,1826,u_lhl,m,77.3,6.484517304189436,train,"Links, nach Strumektomie bei beginnender vox senilis",1,vox_senilis
data/processed/features_augmented/laryngozele/1205_1602_a_h_p3_0.npy,data\raw\laryngozele\1205\vowels\1205-a_h.nsp,laryngozele,0,1205,1602,a_h,m,47.0,1.0,train,"Z.B. linkes Taschenband, Stimmlippen o.B.; Stroboskopie o.B.",0,laryngozele
data\processed\features\vox_senilis\2596_a_l.npy,data\raw\vox_senilis\2596\vowels\2596-a_l.nsp,vox_senilis,1,2596,2336,a_l,w,64.2,6.484517304189436,train,"Funktionelle Dysphonie, Vox senilis beginnend",1,vox_senilis
data\processed\features\vox_senilis\899_phrase.npy,data\raw\vox_senilis\899\sentences\899-phrase.nsp,vox_senilis,1,899,1491,phrase,m,85.0,6.484517304189436,train,Differentialdiagnose: eventuell alte Schädigung des Arygelenks rechts,1,vox_senilis
data/processed/features_augmented/laryngozele/1205_1602_u_n_p14_0.npy,data\raw\laryngozele\1205\vowels\1205-u_n.nsp,laryngozele,0,1205,1602,u_n,m,47.0,1.0,train,"Z.B. linkes Taschenband, Stimmlippen o.B.; Stroboskopie o.B.",0,laryngozele
data/processed/features_augmented/laryngozele/1205_1602_u_n_p5_5.npy,data\raw\laryngozele\1205\vowels\1205-u_n.nsp,laryngozele,0,1205,1602,u_n,m,47.0,1.0,train,"Z.B. linkes Taschenband, Stimmlippen o.B.; Stroboskopie o.B.",0,laryngozele
data/processed/features_augmented/laryngozele/1205_1602_u_n_p7_5.npy,data\raw\laryngozele\1205\vowels\1205-u_n.nsp,laryngozele,0,1205,1602,u_n,m,47.0,1.0,train,"Z.B. linkes Taschenband, Stimmlippen o.B.; Stroboskopie o.B.",0,laryngozele
data/processed/features_augmented/laryngozele/1205_1602_a_h_p8_5.npy,data\raw\laryngozele\1205\vowels\1205-a_h.nsp,laryngozele,0,1205,1602,a_h,m,47.0,1.0,train,"Z.B. linkes Taschenband, Stimmlippen o.B.; Stroboskopie o.B.",0,laryngozele
data\processed\features\vox_senilis\933_iau.npy,data\raw\vox_senilis\933\vowels\933-iau.nsp,vox_senilis,1,933,1525,iau,w,79.7,6.484517304189436,train,Stimmlippenvarizen links,1,vox_senilis
data\processed\features\vox_senilis\1159_u_h.npy,data\raw\vox_senilis\1159\vowels\1159-u_h.nsp,vox_senilis,1,1159,1445,u_h,w,69.1,6.484517304189436,train,Leichte subglottische Einengung,1,vox_senilis
data/processed/features_augmented/laryngozele/1205_1602_u_n_p8_0.npy,data\raw\laryngozele\1205\vowels\1205-u_n.nsp,laryngozele,0,1205,1602,u_n,m,47.0,1.0,train,"Z.B. linkes Taschenband, Stimmlippen o.B.; Stroboskopie o.B.",0,laryngozele
data/processed/features_augmented/laryngozele/1205_1602_i_l_p1_0.npy,data\raw\laryngozele\1205\vowels\1205-i_l.nsp,laryngozele,0,1205,1602,i_l,m,47.0,1.0,train,"Z.B. linkes Taschenband, Stimmlippen o.B.; Stroboskopie o.B.",0,laryngozele
data/processed/features_augmented/laryngozele/1205_1602_a_l_p14_0.npy,data\raw\laryngozele\1205\vowels\1205-a_l.nsp,laryngozele,0,1205,1602,a_l,m,47.0,1.0,train,"Z.B. linkes Taschenband, Stimmlippen o.B.; Stroboskopie o.B.",0,laryngozele
data/processed/features_augmented/laryngozele/1205_1602_a_l_p6_0.npy,data\raw\laryngozele\1205\vowels\1205-a_l.nsp,laryngozele,0,1205,1602,a_l,m,47.0,1.0,train,"Z.B. linkes Taschenband, Stimmlippen o.B.; Stroboskopie o.B.",0,laryngozele
data/processed/features_augmented/laryngozele/1205_1602_a_h_p7_5.npy,data\raw\laryngozele\1205\vowels\1205-a_h.nsp,laryngozele,0,1205,1602,a_h,m,47.0,1.0,train,"Z.B. linkes Taschenband, Stimmlippen o.B.; Stroboskopie o.B.",0,laryngozele
data/processed/features_augmented/laryngozele/1205_1602_i_n_pm2_0.npy,data\raw\laryngozele\1205\vowels\1205-i_n.nsp,laryngozele,0,1205,1602,i_n,m,47.0,1.0,train,"Z.B. linkes Taschenband, Stimmlippen o.B.; Stroboskopie o.B.",0,laryngozele
data\processed\features\vox_senilis\2515_i_h.npy,data\raw\vox_senilis\2515\vowels\2515-i_h.nsp,vox_senilis,1,2515,2649,i_h,w,75.2,6.484517304189436,train,,1,vox_senilis
data\processed\features\vox_senilis\2564_iau.npy,data\raw\vox_senilis\2564\vowels\2564-iau.nsp,vox_senilis,1,2564,2007,iau,w,61.8,6.484517304189436,train,"Kompensiert, alte",1,vox_senilis
data\processed\features\vox_senilis\1819_a_lhl.npy,data\raw\vox_senilis\1819\vowels\1819-a_lhl.nsp,vox_senilis,1,1819,2084,a_lhl,m,66.6,6.484517304189436,train,Ohne Reflux,1,vox_senilis
data/processed/features_augmented/laryngozele/1205_1602_i_l_pm1_0.npy,data\raw\laryngozele\1205\vowels\1205-i_l.nsp,laryngozele,0,1205,1602,i_l,m,47.0,1.0,train,"Z.B. linkes Taschenband, Stimmlippen o.B.; Stroboskopie o.B.",0,laryngozele
data/processed/features_augmented/laryngozele/1205_1602_a_h_p7_0.npy,data\raw\laryngozele\1205\vowels\1205-a_h.nsp,laryngozele,0,1205,1602,a_h,m,47.0,1.0,train,"Z.B. linkes Taschenband, Stimmlippen o.B.; Stroboskopie o.B.",0,laryngozele
data/processed/features_augmented/laryngozele/1205_1602_u_l_p8_5.npy,data\raw\laryngozele\1205\vowels\1205-u_l.nsp,laryngozele,0,1205,1602,u_l,m,47.0,1.0,train,"Z.B. linkes Taschenband, Stimmlippen o.B.; Stroboskopie o.B.",0,laryngozele
data\processed\features\vox_senilis\2509_i_l.npy,data\raw\vox_senilis\2509\vowels\2509-i_l.nsp,vox_senilis,1,2509,2643,i_l,w,63.9,6.484517304189436,train,,1,vox_senilis
data\processed\features\vox_senilis\1338_i_l.npy,data\raw\vox_senilis\1338\vowels\1338-i_l.nsp,vox_senilis,1,1338,1720,i_l,m,89.0,6.484517304189436,train,"Massive Form mit breiter Excavation, Subglottisches Chondrom",1,vox_senilis
data\processed\features\vox_senilis\933_a_l.npy,data\raw\vox_senilis\933\vowels\933-a_l.nsp,vox_senilis,1,933,1525,a_l,w,79.7,6.484517304189436,train,Stimmlippenvarizen links,1,vox_senilis
data/processed/features_augmented/laryngozele/1205_1602_u_l_p12_0.npy,data\raw\laryngozele\1205\vowels\1205-u_l.nsp,laryngozele,0,1205,1602,u_l,m,47.0,1.0,train,"Z.B. linkes Taschenband, Stimmlippen o.B.; Stroboskopie o.B.",0,laryngozele
data\processed\features\vox_senilis\2121_u_n.npy,data\raw\vox_senilis\2121\vowels\2121-u_n.nsp,vox_senilis,1,2121,2310,u_n,w,69.0,6.484517304189436,train,,1,vox_senilis
data\processed\features\vox_senilis\2097_u_n.npy,data\raw\vox_senilis\2097\vowels\2097-u_n.nsp,vox_senilis,1,2097,2283,u_n,w,30.7,6.484517304189436,train,Chron. Laryngitis,1,vox_senilis
data/processed/features_augmented/laryngozele/1205_1602_phrase_p9_0.npy,data\raw\laryngozele\1205\sentences\1205-phrase.nsp,laryngozele,0,1205,1602,phrase,m,47.0,1.0,train,"Z.B. linkes Taschenband, Stimmlippen o.B.; Stroboskopie o.B.",0,laryngozele
data\processed\features\vox_senilis\2307_a_l.npy,data\raw\vox_senilis\2307\vowels\2307-a_l.nsp,vox_senilis,1,2307,2441,a_l,w,76.0,6.484517304189436,train,,1,vox_senilis
data\processed\features\vox_senilis\2421_a_l.npy,data\raw\vox_senilis\2421\vowels\2421-a_l.nsp,vox_senilis,1,2421,2555,a_l,w,87.6,6.484517304189436,train,,1,vox_senilis
data/processed/features_augmented/laryngozele/1205_1602_u_lhl_p4_0.npy,data\raw\laryngozele\1205\vowels\1205-u_lhl.nsp,laryngozele,0,1205,1602,u_lhl,m,47.0,1.0,train,"Z.B. linkes Taschenband, Stimmlippen o.B.; Stroboskopie o.B.",0,laryngozele
data/processed/features_augmented/laryngozele/1205_1602_u_lhl_p0_0.npy,data\raw\laryngozele\1205\vowels\1205-u_lhl.nsp,laryngozele,0,1205,1602,u_lhl,m,47.0,1.0,train,"Z.B. linkes Taschenband, Stimmlippen o.B.; Stroboskopie o.B.",0,laryngozele
data/processed/features_augmented/laryngozele/1205_1602_a_lhl_p1_0.npy,data\raw\laryngozele\1205\vowels\1205-a_lhl.nsp,laryngozele,0,1205,1602,a_lhl,m,47.0,1.0,train,"Z.B. linkes Taschenband, Stimmlippen o.B.; Stroboskopie o.B.",0,laryngozele
data\processed\features\vox_senilis\2003_u_n.npy,data\raw\vox_senilis\2003\vowels\2003-u_n.nsp,vox_senilis,1,2003,2212,u_n,m,77.6,6.484517304189436,train,Laryngitis subglottisch,1,vox_senilis
data\processed\features\vox_senilis\826_u_n.npy,data\raw\vox_senilis\826\vowels\826-u_n.nsp,vox_senilis,1,826,1438,u_n,w,78.9,6.484517304189436,train,Leicht ödematöse Stimmlippen,1,vox_senilis
data\processed\features\vox_senilis\2303_u_l.npy,data\raw\vox_senilis\2303\vowels\2303-u_l.nsp,vox_senilis,1,2303,2420,u_l,w,73.5,6.484517304189436,train,Zustand nach Abtragung des Polyps,1,vox_senilis
data\processed\features\vox_senilis\2003_a_h.npy,data\raw\vox_senilis\2003\vowels\2003-a_h.nsp,vox_senilis,1,2003,2212,a_h,m,77.6,6.484517304189436,train,Laryngitis subglottisch,1,vox_senilis
data/processed/features_augmented/laryngozele/1205_1602_a_n_p8_5.npy,data\raw\laryngozele\1205\vowels\1205-a_n.nsp,laryngozele,0,1205,1602,a_n,m,47.0,1.0,train,"Z.B. linkes Taschenband, Stimmlippen o.B.; Stroboskopie o.B.",0,laryngozele
data/processed/features_augmented/laryngozele/1205_1602_u_h_p12_0.npy,data\raw\laryngozele\1205\vowels\1205-u_h.nsp,laryngozele,0,1205,1602,u_h,m,47.0,1.0,train,"Z.B. linkes Taschenband, Stimmlippen o.B.; Stroboskopie o.B.",0,laryngozele
data\processed\features\vox_senilis\2601_a_l.npy,data\raw\vox_senilis\2601\vowels\2601-a_l.nsp,vox_senilis,1,2601,2727,a_l,w,64.7,6.484517304189436,train,,1,vox_senilis
data/processed/features_augmented/laryngozele/1205_1602_a_n_p6_0.npy,data\raw\laryngozele\1205\vowels\1205-a_n.nsp,laryngozele,0,1205,1602,a_n,m,47.0,1.0,train,"Z.B. linkes Taschenband, Stimmlippen o.B.; Stroboskopie o.B.",0,laryngozele
data/processed/features_augmented/laryngozele/1205_1602_iau_p3_0.npy,data\raw\laryngozele\1205\vowels\1205-iau.nsp,laryngozele,0,1205,1602,iau,m,47.0,1.0,train,"Z.B. linkes Taschenband, Stimmlippen o.B.; Stroboskopie o.B.",0,laryngozele
data/processed/features_augmented/laryngozele/1205_1602_iau_p11_5.npy,data\raw\laryngozele\1205\vowels\1205-iau.nsp,laryngozele,0,1205,1602,iau,m,47.0,1.0,train,"Z.B. linkes Taschenband, Stimmlippen o.B.; Stroboskopie o.B.",0,laryngozele
data/processed/features_augmented/laryngozele/1205_1602_i_n_p11_5.npy,data\raw\laryngozele\1205\vowels\1205-i_n.nsp,laryngozele,0,1205,1602,i_n,m,47.0,1.0,train,"Z.B. linkes Taschenband, Stimmlippen o.B.; Stroboskopie o.B.",0,laryngozele
data\processed\features\vox_senilis\2377_a_lhl.npy,data\raw\vox_senilis\2377\vowels\2377-a_lhl.nsp,vox_senilis,1,2377,2511,a_lhl,m,67.4,6.484517304189436,train,,1,vox_senilis
data\processed\features\vox_senilis\1478_u_n.npy,data\raw\vox_senilis\1478\vowels\1478-u_n.nsp,vox_senilis,1,1478,1826,u_n,m,77.3,6.484517304189436,train,"Links, nach Strumektomie bei beginnender vox senilis",1,vox_senilis
data/processed/features_augmented/laryngozele/1205_1602_i_h_p7_5.npy,data\raw\laryngozele\1205\vowels\1205-i_h.nsp,laryngozele,0,1205,1602,i_h,m,47.0,1.0,train,"Z.B. linkes Taschenband, Stimmlippen o.B.; Stroboskopie o.B.",0,laryngozele
data/processed/features_augmented/laryngozele/1205_1602_u_n_p11_0.npy,data\raw\laryngozele\1205\vowels\1205-u_n.nsp,laryngozele,0,1205,1602,u_n,m,47.0,1.0,train,"Z.B. linkes Taschenband, Stimmlippen o.B.; Stroboskopie o.B.",0,laryngozele
data\processed\features\vox_senilis\1203_i_l.npy,data\raw\vox_senilis\1203\vowels\1203-i_l.nsp,vox_senilis,1,1203,1600,i_l,w,61.1,6.484517304189436,train,Leicht,1,vox_senilis
data\processed\features\vox_senilis\2319_a_n.npy,data\raw\vox_senilis\2319\vowels\2319-a_n.nsp,vox_senilis,1,2319,2453,a_n,m,81.2,6.484517304189436,train,Vox senilis,1,vox_senilis
data\processed\features\vox_senilis\2377_i_n.npy,data\raw\vox_senilis\2377\vowels\2377-i_n.nsp,vox_senilis,1,2377,2511,i_n,m,67.4,6.484517304189436,train,,1,vox_senilis
data\processed\features\vox_senilis\2303_i_l.npy,data\raw\vox_senilis\2303\vowels\2303-i_l.nsp,vox_senilis,1,2303,2420,i_l,w,73.5,6.484517304189436,train,Zustand nach Abtragung des Polyps,1,vox_senilis
data\processed\features\vox_senilis\1159_phrase.npy,data\raw\vox_senilis\1159\sentences\1159-phrase.nsp,vox_senilis,1,1159,1445,phrase,w,69.1,6.484517304189436,train,Leichte subglottische Einengung,1,vox_senilis
data/processed/features_augmented/laryngozele/1205_1602_u_l_p5_0.npy,data\raw\laryngozele\1205\vowels\1205-u_l.nsp,laryngozele,0,1205,1602,u_l,m,47.0,1.0,train,"Z.B. linkes Taschenband, Stimmlippen o.B.; Stroboskopie o.B.",0,laryngozele
data\processed\features\vox_senilis\1478_iau.npy,data\raw\vox_senilis\1478\vowels\1478-iau.nsp,vox_senilis,1,1478,1826,iau,m,77.3,6.484517304189436,train,"Links, nach Strumektomie bei beginnender vox senilis",1,vox_senilis
data\processed\features\vox_senilis\1819_i_n.npy,data\raw\vox_senilis\1819\vowels\1819-i_n.nsp,vox_senilis,1,1819,2084,i_n,m,66.6,6.484517304189436,train,Ohne Reflux,1,vox_senilis
data/processed/features_augmented/laryngozele/1205_1602_u_n_pm3_0.npy,data\raw\laryngozele\1205\vowels\1205-u_n.nsp,laryngozele,0,1205,1602,u_n,m,47.0,1.0,train,"Z.B. linkes Taschenband, Stimmlippen o.B.; Stroboskopie o.B.",0,laryngozele
data\processed\features\vox_senilis\1819_u_n.npy,data\raw\vox_senilis\1819\vowels\1819-u_n.nsp,vox_senilis,1,1819,2084,u_n,m,66.6,6.484517304189436,train,Ohne Reflux,1,vox_senilis
data\processed\features\vox_senilis\2307_u_n.npy,data\raw\vox_senilis\2307\vowels\2307-u_n.nsp,vox_senilis,1,2307,2441,u_n,w,76.0,6.484517304189436,train,,1,vox_senilis
data/processed/features_augmented/laryngozele/1205_1602_i_h_p1_0.npy,data\raw\laryngozele\1205\vowels\1205-i_h.nsp,laryngozele,0,1205,1602,i_h,m,47.0,1.0,train,"Z.B. linkes Taschenband, Stimmlippen o.B.; Stroboskopie o.B.",0,laryngozele
data\processed\features\vox_senilis\1971_i_h.npy,data\raw\vox_senilis\1971\vowels\1971-i_h.nsp,vox_senilis,1,1971,2180,i_h,w,78.0,6.484517304189436,train,Intermediärschwäche,1,vox_senilis
data\processed\features\vox_senilis\899_a_l.npy,data\raw\vox_senilis\899\vowels\899-a_l.nsp,vox_senilis,1,899,1491,a_l,m,85.0,6.484517304189436,train,Differentialdiagnose: eventuell alte Schädigung des Arygelenks rechts,1,vox_senilis
data/processed/features_augmented/laryngozele/1205_1602_u_lhl_p9_5.npy,data\raw\laryngozele\1205\vowels\1205-u_lhl.nsp,laryngozele,0,1205,1602,u_lhl,m,47.0,1.0,train,"Z.B. linkes Taschenband, Stimmlippen o.B.; Stroboskopie o.B.",0,laryngozele
data/processed/features_augmented/laryngozele/1205_1602_phrase_p10_5.npy,data\raw\laryngozele\1205\sentences\1205-phrase.nsp,laryngozele,0,1205,1602,phrase,m,47.0,1.0,train,"Z.B. linkes Taschenband, Stimmlippen o.B.; Stroboskopie o.B.",0,laryngozele
data/processed/features_augmented/laryngozele/1205_1602_i_lhl_p5_5.npy,data\raw\laryngozele\1205\vowels\1205-i_lhl.nsp,laryngozele,0,1205,1602,i_lhl,m,47.0,1.0,train,"Z.B. linkes Taschenband, Stimmlippen o.B.; Stroboskopie o.B.",0,laryngozele
data\processed\features\vox_senilis\933_u_h.npy,data\raw\vox_senilis\933\vowels\933-u_h.nsp,vox_senilis,1,933,1525,u_h,w,79.7,6.484517304189436,train,Stimmlippenvarizen links,1,vox_senilis
data/processed/features_augmented/laryngozele/1205_1602_i_l_p10_5.npy,data\raw\laryngozele\1205\vowels\1205-i_l.nsp,laryngozele,0,1205,1602,i_l,m,47.0,1.0,train,"Z.B. linkes Taschenband, Stimmlippen o.B.; Stroboskopie o.B.",0,laryngozele
data/processed/features_augmented/laryngozele/1205_1602_iau_p1_0.npy,data\raw\laryngozele\1205\vowels\1205-iau.nsp,laryngozele,0,1205,1602,iau,m,47.0,1.0,train,"Z.B. linkes Taschenband, Stimmlippen o.B.; Stroboskopie o.B.",0,laryngozele
data/processed/features_augmented/laryngozele/1205_1602_a_n_pm1_0.npy,data\raw\laryngozele\1205\vowels\1205-a_n.nsp,laryngozele,0,1205,1602,a_n,m,47.0,1.0,train,"Z.B. linkes Taschenband, Stimmlippen o.B.; Stroboskopie o.B.",0,laryngozele
data\processed\features\vox_senilis\2564_a_n.npy,data\raw\vox_senilis\2564\vowels\2564-a_n.nsp,vox_senilis,1,2564,2007,a_n,w,61.8,6.484517304189436,train,"Kompensiert, alte",1,vox_senilis
data\processed\features\vox_senilis\846_i_l.npy,data\raw\vox_senilis\846\vowels\846-i_l.nsp,vox_senilis,1,846,1445,i_l,w,68.7,6.484517304189436,train,Subglottale Cyste,1,vox_senilis
data\processed\features\vox_senilis\2303_a_h.npy,data\raw\vox_senilis\2303\vowels\2303-a_h.nsp,vox_senilis,1,2303,2420,a_h,w,73.5,6.484517304189436,train,Zustand nach Abtragung des Polyps,1,vox_senilis
data/processed/features_augmented/laryngozele/1205_1602_u_lhl_p11_5.npy,data\raw\laryngozele\1205\vowels\1205-u_lhl.nsp,laryngozele,0,1205,1602,u_lhl,m,47.0,1.0,train,"Z.B. linkes Taschenband, Stimmlippen o.B.; Stroboskopie o.B.",0,laryngozele
data/processed/features_augmented/laryngozele/1205_1602_u_h_p2_0.npy,data\raw\laryngozele\1205\vowels\1205-u_h.nsp,laryngozele,0,1205,1602,u_h,m,47.0,1.0,train,"Z.B. linkes Taschenband, Stimmlippen o.B.; Stroboskopie o.B.",0,laryngozele
data\processed\features\vox_senilis\2509_i_n.npy,data\raw\vox_senilis\2509\vowels\2509-i_n.nsp,vox_senilis,1,2509,2643,i_n,w,63.9,6.484517304189436,train,,1,vox_senilis
data/processed/features_augmented/laryngozele/1205_1602_a_lhl_p9_5.npy,data\raw\laryngozele\1205\vowels\1205-a_lhl.nsp,laryngozele,0,1205,1602,a_lhl,m,47.0,1.0,train,"Z.B. linkes Taschenband, Stimmlippen o.B.; Stroboskopie o.B.",0,laryngozele
data\processed\features\vox_senilis\899_a_h.npy,data\raw\vox_senilis\899\vowels\899-a_h.nsp,vox_senilis,1,899,1491,a_h,m,85.0,6.484517304189436,train,Differentialdiagnose: eventuell alte Schädigung des Arygelenks rechts,1,vox_senilis
data/processed/features_augmented/laryngozele/1205_1602_i_l_p2_0.npy,data\raw\laryngozele\1205\vowels\1205-i_l.nsp,laryngozele,0,1205,1602,i_l,m,47.0,1.0,train,"Z.B. linkes Taschenband, Stimmlippen o.B.; Stroboskopie o.B.",0,laryngozele
data\processed\features\vox_senilis\2121_a_h.npy,data\raw\vox_senilis\2121\vowels\2121-a_h.nsp,vox_senilis,1,2121,2310,a_h,w,69.0,6.484517304189436,train,,1,vox_senilis
data/processed/features_augmented/laryngozele/1205_1602_i_n_p11_0.npy,data\raw\laryngozele\1205\vowels\1205-i_n.nsp,laryngozele,0,1205,1602,i_n,m,47.0,1.0,train,"Z.B. linkes Taschenband, Stimmlippen o.B.; Stroboskopie o.B.",0,laryngozele
data\processed\features\vox_senilis\2564_u_l.npy,data\raw\vox_senilis\2564\vowels\2564-u_l.nsp,vox_senilis,1,2564,2007,u_l,w,61.8,6.484517304189436,train,"Kompensiert, alte",1,vox_senilis
data/processed/features_augmented/laryngozele/1205_1602_u_n_pm4_0.npy,data\raw\laryngozele\1205\vowels\1205-u_n.nsp,laryngozele,0,1205,1602,u_n,m,47.0,1.0,train,"Z.B. linkes Taschenband, Stimmlippen o.B.; Stroboskopie o.B.",0,laryngozele
data/processed/features_augmented/laryngozele/1205_1602_a_lhl_p8_5.npy,data\raw\laryngozele\1205\vowels\1205-a_lhl.nsp,laryngozele,0,1205,1602,a_lhl,m,47.0,1.0,train,"Z.B. linkes Taschenband, Stimmlippen o.B.; Stroboskopie o.B.",0,laryngozele
data\processed\features\vox_senilis\1220_iau.npy,data\raw\vox_senilis\1220\vowels\1220-iau.nsp,vox_senilis,1,1220,1608,iau,m,76.7,6.484517304189436,train,Vox senilis,1,vox_senilis
data/processed/features_augmented/laryngozele/1205_1602_i_lhl_p6_0.npy,data\raw\laryngozele\1205\vowels\1205-i_lhl.nsp,laryngozele,0,1205,1602,i_lhl,m,47.0,1.0,train,"Z.B. linkes Taschenband, Stimmlippen o.B.; Stroboskopie o.B.",0,laryngozele
data\processed\features\vox_senilis\2515_phrase.npy,data\raw\vox_senilis\2515\sentences\2515-phrase.nsp,vox_senilis,1,2515,2649,phrase,w,75.2,6.484517304189436,train,,1,vox_senilis
data/processed/features_augmented/laryngozele/1205_1602_a_lhl_p7_5.npy,data\raw\laryngozele\1205\vowels\1205-a_lhl.nsp,laryngozele,0,1205,1602,a_lhl,m,47.0,1.0,train,"Z.B. linkes Taschenband, Stimmlippen o.B.; Stroboskopie o.B.",0,laryngozele
data\processed\features\vox_senilis\1220_i_h.npy,data\raw\vox_senilis\1220\vowels\1220-i_h.nsp,vox_senilis,1,1220,1608,i_h,m,76.7,6.484517304189436,train,Vox senilis,1,vox_senilis
data/processed/features_augmented/laryngozele/1205_1602_a_h_p12_0.npy,data\raw\laryngozele\1205\vowels\1205-a_h.nsp,laryngozele,0,1205,1602,a_h,m,47.0,1.0,train,"Z.B. linkes Taschenband, Stimmlippen o.B.; Stroboskopie o.B.",0,laryngozele
data/processed/features_augmented/laryngozele/1205_1602_i_n_p12_0.npy,data\raw\laryngozele\1205\vowels\1205-i_n.nsp,laryngozele,0,1205,1602,i_n,m,47.0,1.0,train,"Z.B. linkes Taschenband, Stimmlippen o.B.; Stroboskopie o.B.",0,laryngozele
data/processed/features_augmented/laryngozele/1205_1602_iau_p8_5.npy,data\raw\laryngozele\1205\vowels\1205-iau.nsp,laryngozele,0,1205,1602,iau,m,47.0,1.0,train,"Z.B. linkes Taschenband, Stimmlippen o.B.; Stroboskopie o.B.",0,laryngozele
data\processed\features\vox_senilis\1478_a_l.npy,data\raw\vox_senilis\1478\vowels\1478-a_l.nsp,vox_senilis,1,1478,1826,a_l,m,77.3,6.484517304189436,train,"Links, nach Strumektomie bei beginnender vox senilis",1,vox_senilis
data/processed/features_augmented/laryngozele/1205_1602_a_n_p4_0.npy,data\raw\laryngozele\1205\vowels\1205-a_n.nsp,laryngozele,0,1205,1602,a_n,m,47.0,1.0,train,"Z.B. linkes Taschenband, Stimmlippen o.B.; Stroboskopie o.B.",0,laryngozele
